timestamp,intensity,occupancy
2025-12-10 10:12:04.251800,81.27157843989708,0.4200945441242499
2025-12-10 10:13:04.251800,83.14814986734741,0.30707754178267627
2025-12-10 10:14:04.251800,77.33865563232952,0.31755496451964926
2025-12-10 10:15:04.251800,95.6626756893815,0.2454314904694307
2025-12-10 10:16:04.251800,94.56328063736687,0.3972646707699301
2025-12-10 10:17:04.251800,75.99798806147984,0.3657613652018914
2025-12-10 10:18:04.251800,68.89939165929096,0.3207589237371435
2025-12-10 10:19:04.251800,78.1159043593246,0.3906511824525324
2025-12-10 10:20:04.251800,78.38695283585,0.43004357753491274
2025-12-10 10:21:04.251800,89.84342575108661,0.30822763135781595
2025-12-10 10:22:04.251800,78.13350660075793,0.3070966463200986
2025-12-10 10:23:04.251800,72.40221840969345,0.27439728802328245
2025-12-10 10:24:04.251800,97.47774744127037,0.4565027488465538
2025-12-10 10:25:04.251800,80.71154223473971,0.25791788791171955
2025-12-10 10:26:04.251800,76.47409302421154,0.3295548102592107
2025-12-10 10:27:04.251800,85.59310170929206,0.37370065486814635
2025-12-10 10:28:04.251800,62.973666315758905,0.2845856726604721
2025-12-10 10:29:04.251800,84.24831737900281,0.35033343417264223
2025-12-10 10:30:04.251800,75.29316723012717,0.3740261080916108
2025-12-10 10:31:04.251800,90.6618630275033,0.40781592065944794
2025-12-10 10:32:04.251800,79.97590248327339,0.35346224226663736
2025-12-10 10:33:04.251800,88.47024067573894,0.38308421759960637
2025-12-10 10:34:04.251800,72.9176623972803,0.3250697282269196
2025-12-10 10:35:04.251800,86.04875725269738,0.3650271565897273
2025-12-10 10:36:04.251800,77.48771331282218,0.37780550402629115
2025-12-10 10:37:04.251800,85.54605922003358,0.35498150136871304
2025-12-10 10:38:04.251800,72.12327591005408,0.3815504669873059
2025-12-10 10:39:04.251800,92.84490452113965,0.3398888329349413
2025-12-10 10:40:04.251800,64.3518694948021,0.4416581472610134
2025-12-10 10:41:04.251800,78.67953910327051,0.3969397079458977
2025-12-10 10:42:04.251800,98.31649801949744,0.39415657552818306
2025-12-10 10:43:04.251800,75.12961652401165,0.3955645243543699
2025-12-10 10:44:04.251800,68.51019273454311,0.3275316488565657
2025-12-10 10:45:04.251800,75.88060616682017,0.3716575257038834
2025-12-10 10:46:04.251800,79.05850927433211,0.47455633491524435
2025-12-10 10:47:04.251800,69.85348460980566,0.39423662196810133
2025-12-10 10:48:04.251800,92.13943331059619,0.4253570777330392
2025-12-10 10:49:04.251800,75.61646556058321,0.4015984724004971
2025-12-10 10:50:04.251800,81.5188388192375,0.40416415590103194
2025-12-10 10:51:04.251800,83.04216839710445,0.37400747664054085
2025-12-10 10:52:04.251800,79.41053661319228,0.2768145328392368
2025-12-10 10:53:04.251800,90.08619097413262,0.36235673363548604
2025-12-10 10:54:04.251800,65.74329764859351,0.42213701667426934
2025-12-10 10:55:04.251800,93.25902061854599,0.40401269935860645
2025-12-10 10:56:04.251800,100.69188499333461,0.3348973865553369
2025-12-10 10:57:04.251800,75.22241335945589,0.44081428478446216
2025-12-10 10:58:04.251800,71.01834373859855,0.3527013528601962
2025-12-10 10:59:04.251800,86.1275228630091,0.36275304933075114
2025-12-10 11:00:04.251800,81.08929358855026,0.3480436418152638
2025-12-10 11:01:04.251800,69.20777716124286,0.35959191874381485
2025-12-10 11:02:04.251800,101.35531775921821,0.3385011954133679
2025-12-10 11:03:04.251800,80.73004252731188,0.38674648605831713
2025-12-10 11:04:04.251800,70.72323179576222,0.314319540701218
2025-12-10 11:05:04.251800,79.82289703137064,0.4350921721496884
2025-12-10 11:06:04.251800,68.11763740600446,0.26578357816846937
2025-12-10 11:07:04.251800,84.38167317101102,0.3594073378554735
2025-12-10 11:08:04.251800,64.36155558644278,0.2894003014855947
2025-12-10 11:09:04.251800,68.9854747979297,0.328614663350387
2025-12-10 11:10:04.251800,84.80260688755413,0.2957374152832582
2025-12-10 11:11:04.251800,82.12497982928562,0.33764772653774533
2025-12-10 11:12:04.251800,83.74990259852368,0.3143937872668366
2025-12-10 11:13:04.251800,80.45097892998788,0.3929543150066173
2025-12-10 11:14:04.251800,93.80590801976629,0.3243749336392708
2025-12-10 11:15:04.251800,86.65651468495264,0.403932887066553
2025-12-10 11:16:04.251800,92.2035109869117,0.3679047022497499
2025-12-10 11:17:04.251800,100.57924786118643,0.3247052186652318
2025-12-10 11:18:04.251800,86.01607606193525,0.35110308020668857
2025-12-10 11:19:04.251800,76.2256850543502,0.40995869724966255
2025-12-10 11:20:04.251800,76.92800868694589,0.37620724159647945
2025-12-10 11:21:04.251800,63.643198777687246,0.36404727613446797
2025-12-10 11:22:04.251800,67.19222665010031,0.5035291808170048
2025-12-10 11:23:04.251800,80.14069796271522,0.3711216812042991
2025-12-10 11:24:04.251800,69.93184739629558,0.31465853833058083
2025-12-10 11:25:04.251800,59.304177650616126,0.40219885240554765
2025-12-10 11:26:04.251800,80.02204250538485,0.30633448498499527
2025-12-10 11:27:04.251800,93.42035929543995,0.3133789762075391
2025-12-10 11:28:04.251800,78.01235440902795,0.353990554916483
2025-12-10 11:29:04.251800,82.26361302632318,0.3153855027006355
2025-12-10 11:30:04.251800,72.61278526949852,0.3975734298728813
2025-12-10 11:31:04.251800,69.42275434851142,0.30365721120354217
2025-12-10 11:32:04.251800,76.17254188992707,0.33999412037526516
2025-12-10 11:33:04.251800,78.31671103383182,0.3506998794199711
2025-12-10 11:34:04.251800,86.83759415901898,0.3740065336131348
2025-12-10 11:35:04.251800,76.91288807567098,0.32408479766479753
2025-12-10 11:36:04.251800,82.11189886986065,0.2897703509740242
2025-12-10 11:37:04.251800,80.23450578113047,0.3870353377570765
2025-12-10 11:38:04.251800,88.34978931591213,0.31370703667486544
2025-12-10 11:39:04.251800,67.01698244407036,0.29318535610598884
2025-12-10 11:40:04.251800,75.04327187071281,0.37973883033206096
2025-12-10 11:41:04.251800,75.75004811920962,0.32097595538547075
2025-12-10 11:42:04.251800,74.21617440661369,0.3104344775227336
2025-12-10 11:43:04.251800,90.68552928391078,0.3249725207173147
2025-12-10 11:44:04.251800,88.95740664401384,0.32576411105105046
2025-12-10 11:45:04.251800,80.8659882481985,0.32479994747816754
2025-12-10 11:46:04.251800,96.38309213949938,0.43155170583852337
2025-12-10 11:47:04.251800,87.726564483691,0.3648931309242616
2025-12-10 11:48:04.251800,87.63739734964895,0.25487622133981247
2025-12-10 11:49:04.251800,87.92215093141863,0.3786912132598762
2025-12-10 11:50:04.251800,82.76314034752471,0.34986000267254397
2025-12-10 11:51:04.251800,88.99208036991334,0.33737363480667315
2025-12-10 11:52:04.251800,48.282394891320266,0.4066935854438894
2025-12-10 11:53:04.251800,81.35625007453893,0.32230609776551855
2025-12-10 11:54:04.251800,78.4666499368457,0.30983957122898365
2025-12-10 11:55:04.251800,81.46883474686985,0.3165591013734562
2025-12-10 11:56:04.251800,84.03940391559473,0.3901484656423591
2025-12-10 11:57:04.251800,70.46053001747181,0.36268942826943396
2025-12-10 11:58:04.251800,81.74003486796236,0.3678378349718164
2025-12-10 11:59:04.251800,65.99795691118499,0.3057028012111486
2025-12-10 12:00:04.251800,65.32100502349809,0.41170756162144806
2025-12-10 12:01:04.251800,68.59042924662003,0.20786820180056526
2025-12-10 12:02:04.251800,85.67751407678448,0.3064779517530542
2025-12-10 12:03:04.251800,80.28351548977487,0.31986774066985196
2025-12-10 12:04:04.251800,87.5900889718128,0.3829984754841601
2025-12-10 12:05:04.251800,99.45865829086945,0.31449618850547195
2025-12-10 12:06:04.251800,67.545274683846,0.2663126830838574
2025-12-10 12:07:04.251800,73.50524759753101,0.33155032390370126
2025-12-10 12:08:04.251800,73.57934422562846,0.34855163054972477
2025-12-10 12:09:04.251800,66.1987520732477,0.29444032216225763
2025-12-10 12:10:04.251800,68.03484143871215,0.29785867063501187
2025-12-10 12:11:04.251800,69.91042327889234,0.2793354748594997
2025-12-10 12:12:04.251800,96.33960970146525,0.3497665990673674
2025-12-10 12:13:04.251800,74.74936081712598,0.3617929548464848
2025-12-10 12:14:04.251800,98.42226291682059,0.4107582137835586
2025-12-10 12:15:04.251800,93.75826721588433,0.3637165728460975
2025-12-10 12:16:04.251800,76.60194742477212,0.34262455625386246
2025-12-10 12:17:04.251800,84.91840635979466,0.36288331786884565
2025-12-10 12:18:04.251800,71.5006168959339,0.32719662874355626
2025-12-10 12:19:04.251800,70.20692962589399,0.3500332380616534
2025-12-10 12:20:04.251800,69.94428675141656,0.32321058788862955
2025-12-10 12:21:04.251800,85.16774070388946,0.23151478882650064
2025-12-10 12:22:04.251800,73.49846341606819,0.3627338827486249
2025-12-10 12:23:04.251800,74.63144847861626,0.39451358299840417
2025-12-10 12:24:04.251800,71.46567386706131,0.34040135600712523
2025-12-10 12:25:04.251800,93.65689493735103,0.31596701191807386
2025-12-10 12:26:04.251800,83.90175795987447,0.3605328232609033
2025-12-10 12:27:04.251800,83.9378107156852,0.3469728324283019
2025-12-10 12:28:04.251800,86.91266091703521,0.35855709171842615
2025-12-10 12:29:04.251800,76.466045637149,0.36090706514271187
2025-12-10 12:30:04.251800,82.07698316685698,0.3103263852165323
2025-12-10 12:31:04.251800,81.26972017893422,0.33917643629465394
2025-12-10 12:32:04.251800,79.79714718194585,0.39134788164376694
2025-12-10 12:33:04.251800,73.66245486221166,0.34853351072862887
2025-12-10 12:34:04.251800,74.00245051021788,0.41016082293303097
2025-12-10 12:35:04.251800,67.16379806659704,0.39147843318933323
2025-12-10 12:36:04.251800,92.52095993872067,0.3390730034949206
2025-12-10 12:37:04.251800,73.50431918941402,0.4081121150808522
2025-12-10 12:38:04.251800,76.19843705790971,0.32984892839746105
2025-12-10 12:39:04.251800,85.47811550620364,0.326812297416608
2025-12-10 12:40:04.251800,56.8736572101412,0.33690746616771877
2025-12-10 12:41:04.251800,56.30681710074562,0.3526989958166847
2025-12-10 12:42:04.251800,66.82322224197515,0.39971469508209395
2025-12-10 12:43:04.251800,74.11922444104894,0.40594450993815645
2025-12-10 12:44:04.251800,68.51736309643047,0.32082932319875096
2025-12-10 12:45:04.251800,87.60949575432788,0.3957212312788647
2025-12-10 12:46:04.251800,79.63100802220802,0.2809564831918341
2025-12-10 12:47:04.251800,91.58747705517793,0.3147749639077133
2025-12-10 12:48:04.251800,106.13230726009081,0.29067644651939695
2025-12-10 12:49:04.251800,61.02436593677146,0.3739316736850636
2025-12-10 12:50:04.251800,79.68336920574163,0.34974729386261616
2025-12-10 12:51:04.251800,80.73423830390324,0.3697092260052161
2025-12-10 12:52:04.251800,70.47484852605176,0.3220344767546423
2025-12-10 12:53:04.251800,82.00821222116784,0.3904676037424529
2025-12-10 12:54:04.251800,84.1604271969964,0.295174274534162
2025-12-10 12:55:04.251800,76.18921982076778,0.3565800487194135
2025-12-10 12:56:04.251800,69.89693854701801,0.3416021460293446
2025-12-10 12:57:04.251800,86.35432482492436,0.3763294845725238
2025-12-10 12:58:04.251800,79.96818425428916,0.5056283176503755
2025-12-10 12:59:04.251800,86.31981033525666,0.1746199182442613
2025-12-10 13:00:04.251800,80.58703284987077,0.4277299202639778
2025-12-10 13:01:04.251800,92.84089064330891,0.28284595153983627
2025-12-10 13:02:04.251800,88.85069515079806,0.3959494883112607
2025-12-10 13:03:04.251800,87.12968527535497,0.24772389669794312
2025-12-10 13:04:04.251800,85.20342821957477,0.3342247460976424
2025-12-10 13:05:04.251800,69.62990923105473,0.3910879017963547
2025-12-10 13:06:04.251800,101.56651721510576,0.43051307400585015
2025-12-10 13:07:04.251800,75.37455238968808,0.36696566394916885
2025-12-10 13:08:04.251800,70.83564167721289,0.282894315743647
2025-12-10 13:09:04.251800,85.3140540410044,0.32737037703804783
2025-12-10 13:10:04.251800,83.20356633467559,0.3262677406356404
2025-12-10 13:11:04.251800,82.38435963567198,0.3380836305736912
2025-12-10 13:12:04.251800,78.75548442363252,0.3889911044667234
2025-12-10 13:13:04.251800,63.91850961588473,0.3259973796593506
2025-12-10 13:14:04.251800,54.60857988829911,0.3783255376413321
2025-12-10 13:15:04.251800,55.26673531422894,0.2163666550820166
2025-12-10 13:16:04.251800,74.11680186463285,0.29720703241821356
2025-12-10 13:17:04.251800,61.11617743343666,0.38812927376011985
2025-12-10 13:18:04.251800,84.63330753384578,0.2945443733910944
2025-12-10 13:19:04.251800,69.04323743091705,0.38475386474497797
2025-12-10 13:20:04.251800,85.17931834088081,0.3392673018067196
2025-12-10 13:21:04.251800,69.41689276369826,0.26798722136784453
2025-12-10 13:22:04.251800,80.30666914904836,0.3538490479021238
2025-12-10 13:23:04.251800,75.25461362039024,0.2706496647817036
2025-12-10 13:24:04.251800,97.76308757207157,0.38640005075453915
2025-12-10 13:25:04.251800,67.87671543810859,0.37152910942406464
2025-12-10 13:26:04.251800,70.04147291189925,0.40014910954992916
2025-12-10 13:27:04.251800,82.47731187015208,0.3514858833016923
2025-12-10 13:28:04.251800,93.0930443503655,0.2687637233750173
2025-12-10 13:29:04.251800,66.44019984542456,0.4066332253595454
2025-12-10 13:30:04.251800,101.1082548080927,0.35009522431858997
2025-12-10 13:31:04.251800,87.57582714909987,0.36512525047602956
2025-12-10 13:32:04.251800,65.52629376753384,0.37063278560157353
2025-12-10 13:33:04.251800,72.99099366453262,0.3388383905577999
2025-12-10 13:34:04.251800,97.3515364528247,0.3605489731015087
2025-12-10 13:35:04.251800,103.48875508882747,0.31433699938431764
2025-12-10 13:36:04.251800,72.73318341019716,0.3283387440854548
2025-12-10 13:37:04.251800,60.2255670932877,0.3434499794863299
2025-12-10 13:38:04.251800,83.05608151370018,0.29867617765714155
2025-12-10 13:39:04.251800,88.26104002046554,0.3147007505638956
2025-12-10 13:40:04.251800,70.88084518634088,0.3363890514913457
2025-12-10 13:41:04.251800,82.82944466590212,0.32623854230679306
2025-12-10 13:42:04.251800,60.97780893718728,0.2654715142233409
2025-12-10 13:43:04.251800,83.08235696029195,0.3635669131709453
2025-12-10 13:44:04.251800,68.31402409029322,0.358198978241434
2025-12-10 13:45:04.251800,59.84118844657881,0.302078694280621
2025-12-10 13:46:04.251800,96.89445306730298,0.19450646546832315
2025-12-10 13:47:04.251800,95.04265438176422,0.3227806445651381
2025-12-10 13:48:04.251800,75.40385716639189,0.3729794105085271
2025-12-10 13:49:04.251800,69.9734926006944,0.34646056959141264
2025-12-10 13:50:04.251800,65.6057807204545,0.339799518091263
2025-12-10 13:51:04.251800,79.10633010573741,0.406419023494067
2025-12-10 13:52:04.251800,68.75902195733588,0.3540933362738148
2025-12-10 13:53:04.251800,67.32419928437096,0.3834077060877179
2025-12-10 13:54:04.251800,88.37202309184116,0.2821908509556596
2025-12-10 13:55:04.251800,66.66474502774953,0.3745889205592932
2025-12-10 13:56:04.251800,80.12369217937103,0.36511328108645236
2025-12-10 13:57:04.251800,65.35957273501813,0.3595314399420614
2025-12-10 13:58:04.251800,82.59118533046149,0.3046894875378417
2025-12-10 13:59:04.251800,55.40101559562223,0.33893842338859365
2025-12-10 14:00:04.251800,76.35373453806267,0.39158031021432876
2025-12-10 14:01:04.251800,71.68793961341458,0.4038110112655672
2025-12-10 14:02:04.251800,98.18113988330711,0.33616113083881344
2025-12-10 14:03:04.251800,81.68981304085021,0.4110181372567856
2025-12-10 14:04:04.251800,89.12340332574625,0.26574665781209056
2025-12-10 14:05:04.251800,69.3718107845327,0.29538188638075547
2025-12-10 14:06:04.251800,91.09380872281156,0.33168103058430526
2025-12-10 14:07:04.251800,78.0679513983602,0.34310234634724474
2025-12-10 14:08:04.251800,76.70338439933028,0.3455922590459316
2025-12-10 14:09:04.251800,75.82329939885115,0.3195974039788978
2025-12-10 14:10:04.251800,74.69113065032283,0.3646889511717606
2025-12-10 14:11:04.251800,75.85436060223343,0.36045517418614786
2025-12-10 14:12:04.251800,89.39079916319484,0.36506059956966525
2025-12-10 14:13:04.251800,90.50812747908144,0.3206359056943401
2025-12-10 14:14:04.251800,84.15951050182456,0.29807195575506706
2025-12-10 14:15:04.251800,70.70406497568956,0.29949227418220686
2025-12-10 14:16:04.251800,83.08918456268692,0.31617556853600404
2025-12-10 14:17:04.251800,79.98613766466337,0.354084320413167
2025-12-10 14:18:04.251800,101.1820855824941,0.344122940533828
2025-12-10 14:19:04.251800,72.55559905174938,0.30376037071948947
2025-12-10 14:20:04.251800,84.99902455646291,0.3364011213149235
2025-12-10 14:21:04.251800,73.27777062093901,0.305087636219904
2025-12-10 14:22:04.251800,88.78956998969826,0.33134380008752584
2025-12-10 14:23:04.251800,85.2933363638055,0.36575020850147083
2025-12-10 14:24:04.251800,84.52798470241824,0.2728661583135467
2025-12-10 14:25:04.251800,81.08127307580216,0.3596967021093693
2025-12-10 14:26:04.251800,99.97290807589778,0.37749635442117724
2025-12-10 14:27:04.251800,81.03990630725153,0.40056034870961965
2025-12-10 14:28:04.251800,98.41362296293278,0.3371595572953032
2025-12-10 14:29:04.251800,100.37685277834395,0.348000596334962
2025-12-10 14:30:04.251800,84.17944574541524,0.42989012078838423
2025-12-10 14:31:04.251800,74.56919857600697,0.27963901977385636
2025-12-10 14:32:04.251800,96.87433168195376,0.37690291307019497
2025-12-10 14:33:04.251800,75.04338191261513,0.38947537973664764
2025-12-10 14:34:04.251800,81.18338723954574,0.38843764667141667
2025-12-10 14:35:04.251800,75.45912276238084,0.33752577330988276
2025-12-10 14:36:04.251800,71.223966265128,0.3914364349360999
2025-12-10 14:37:04.251800,74.4442401153696,0.46150409709567025
2025-12-10 14:38:04.251800,91.33196781051024,0.39787318233133534
2025-12-10 14:39:04.251800,87.52454046633574,0.38850666415986795
2025-12-10 14:40:04.251800,88.22185194437499,0.29018787776887717
2025-12-10 14:41:04.251800,92.17553801468839,0.40311810672215276
2025-12-10 14:42:04.251800,80.08484066596588,0.4135845012149363
2025-12-10 14:43:04.251800,67.5952727918474,0.33864614029127643
2025-12-10 14:44:04.251800,76.5387744208946,0.36121348073595966
2025-12-10 14:45:04.251800,69.66434802328857,0.3695553358020788
2025-12-10 14:46:04.251800,79.76557679972551,0.342276632509935
2025-12-10 14:47:04.251800,78.2288736952582,0.2947329630886317
2025-12-10 14:48:04.251800,66.29479536161675,0.391590673990434
2025-12-10 14:49:04.251800,86.87915275394748,0.2764073915759231
2025-12-10 14:50:04.251800,89.73884961309041,0.40478654733048713
2025-12-10 14:51:04.251800,75.19262584405041,0.3546010937299129
2025-12-10 14:52:04.251800,84.22653250505454,0.3719177827586738
2025-12-10 14:53:04.251800,69.78250241470721,0.37088421515013825
2025-12-10 14:54:04.251800,84.15407184049761,0.34080943162264565
2025-12-10 14:55:04.251800,97.09031876402571,0.3649970349930505
2025-12-10 14:56:04.251800,77.7501465808857,0.3213312849026293
2025-12-10 14:57:04.251800,100.4444517779364,0.3300173129987617
2025-12-10 14:58:04.251800,83.08052165846975,0.3680533158976906
2025-12-10 14:59:04.251800,64.84394408495069,0.2544508684654364
2025-12-10 15:00:04.251800,96.9010799652167,0.4508501475199905
2025-12-10 15:01:04.251800,80.67355274053338,0.3084711142353709
2025-12-10 15:02:04.251800,66.28476242663315,0.3955814877617914
2025-12-10 15:03:04.251800,73.35352168985024,0.2975183537957757
2025-12-10 15:04:04.251800,70.38459172647656,0.3432095771220378
2025-12-10 15:05:04.251800,77.45270677953057,0.43202808999829584
2025-12-10 15:06:04.251800,88.54052606605302,0.23140535114177851
2025-12-10 15:07:04.251800,73.51738251644983,0.37867636574011343
2025-12-10 15:08:04.251800,88.34240637241469,0.30176735961546847
2025-12-10 15:09:04.251800,84.47639795170706,0.3829252810312837
2025-12-10 15:10:04.251800,78.26336635848797,0.5003274185758325
2025-12-10 15:11:04.251800,68.11440055079618,0.3525336034806867
2025-12-10 15:12:04.251800,82.35901715753874,0.387879853456505
2025-12-10 15:13:04.251800,83.04840380977443,0.2981839710938239
2025-12-10 15:14:04.251800,95.52957956007275,0.40573107949809395
2025-12-10 15:15:04.251800,79.80745236452131,0.37658841236998364
2025-12-10 15:16:04.251800,102.93163453715033,0.4110382239144851
2025-12-10 15:17:04.251800,79.82716691835597,0.2951269423817083
2025-12-10 15:18:04.251800,62.16788050998058,0.3415706297244713
2025-12-10 15:19:04.251800,94.81011571524026,0.2689544526689773
2025-12-10 15:20:04.251800,75.65868473949658,0.374048979900214
2025-12-10 15:21:04.251800,78.83066458440673,0.33805782805352236
2025-12-10 15:22:04.251800,87.96527176213105,0.35815394342190354
2025-12-10 15:23:04.251800,85.88592661919189,0.39397970036617613
2025-12-10 15:24:04.251800,81.64440713556732,0.30882290703729676
2025-12-10 15:25:04.251800,89.75405712937493,0.25958288677237973
2025-12-10 15:26:04.251800,78.0585486632384,0.35960301962763325
2025-12-10 15:27:04.251800,87.50870315282518,0.40393978459545
2025-12-10 15:28:04.251800,89.00854912445652,0.41473578473424566
2025-12-10 15:29:04.251800,83.31296891555766,0.3896704763724876
2025-12-10 15:30:04.251800,96.73905941138838,0.3542382920894661
2025-12-10 15:31:04.251800,81.5226520483977,0.3701692470796869
2025-12-10 15:32:04.251800,77.91327153603292,0.33456387368157064
2025-12-10 15:33:04.251800,72.23465813109101,0.4415827225139468
2025-12-10 15:34:04.251800,90.52915297489497,0.27347240133988354
2025-12-10 15:35:04.251800,67.07763083725064,0.4736080976602474
2025-12-10 15:36:04.251800,73.44713163365492,0.4142824938066375
2025-12-10 15:37:04.251800,80.89267136264176,0.3041243566592866
2025-12-10 15:38:04.251800,82.85151646839189,0.3516797931463338
2025-12-10 15:39:04.251800,91.52128620148375,0.3882706998497368
2025-12-10 15:40:04.251800,77.38894083039246,0.34317868608329377
2025-12-10 15:41:04.251800,83.3853489486349,0.3665259588438871
2025-12-10 15:42:04.251800,82.74341083223591,0.31578482408059416
2025-12-10 15:43:04.251800,79.7802996407102,0.4021928203954024
2025-12-10 15:44:04.251800,48.67488100377315,0.2916296638787404
2025-12-10 15:45:04.251800,75.65826785224314,0.3733443524941663
2025-12-10 15:46:04.251800,76.5886604893513,0.2781295739839751
2025-12-10 15:47:04.251800,72.54457166188459,0.32460400806900586
2025-12-10 15:48:04.251800,102.24250070230882,0.2195495363204886
2025-12-10 15:49:04.251800,83.69083362201387,0.38455611262543227
2025-12-10 15:50:04.251800,86.17183893073751,0.3501427664555265
2025-12-10 15:51:04.251800,75.23178653723342,0.34714173731821363
2025-12-10 15:52:04.251800,60.2313693536558,0.3870106562817063
2025-12-10 15:53:04.251800,98.65934799417283,0.40697653597074174
2025-12-10 15:54:04.251800,86.7415470212293,0.27837767033635485
2025-12-10 15:55:04.251800,76.91387830856212,0.35728257569851973
2025-12-10 15:56:04.251800,75.92051026832284,0.31945335865091584
2025-12-10 15:57:04.251800,72.37103891517015,0.35145240379531134
2025-12-10 15:58:04.251800,70.47372553400207,0.33826314571041044
2025-12-10 15:59:04.251800,80.73896065231125,0.3242805863571912
2025-12-10 16:00:04.251800,165.640091123789,0.5017967588525485
2025-12-10 16:01:04.251800,124.0126496828799,0.6289968487859606
2025-12-10 16:02:04.251800,139.4843100318429,0.608198094900246
2025-12-10 16:03:04.251800,175.05173005340475,0.6290685922062781
2025-12-10 16:04:04.251800,127.40979435584738,0.5934089816378734
2025-12-10 16:05:04.251800,128.13224675397024,0.6319730155671732
2025-12-10 16:06:04.251800,140.2632289894121,0.6041017499499965
2025-12-10 16:07:04.251800,135.10838575937035,0.6121306656360409
2025-12-10 16:08:04.251800,151.98515139242528,0.5962400786990668
2025-12-10 16:09:04.251800,141.25264067039012,0.5846460437789806
2025-12-10 16:10:04.251800,116.85511370398825,0.5553278007027898
2025-12-10 16:11:04.251800,147.2750969477925,0.5749908047050845
2025-12-10 16:12:04.251800,109.62908081026069,0.5793697334986417
2025-12-10 16:13:04.251800,159.17069136433568,0.5615741505101154
2025-12-10 16:14:04.251800,160.78322718957276,0.6603143705387373
2025-12-10 16:15:04.251800,150.8684679234642,0.6475882846560255
2025-12-10 16:16:04.251800,115.290609377938,0.6692056960137603
2025-12-10 16:17:04.251800,128.79092854763806,0.6499347637178452
2025-12-10 16:18:04.251800,143.9383387127672,0.5376529863482745
2025-12-10 16:19:04.251800,159.60935124692608,0.5567708091879611
2025-12-10 16:20:04.251800,153.81184216726646,0.5611008393718394
2025-12-10 16:21:04.251800,147.97527736928132,0.5887560497571026
2025-12-10 16:22:04.251800,145.58958029011328,0.6525163112042023
2025-12-10 16:23:04.251800,158.92627640266676,0.579002991049676
2025-12-10 16:24:04.251800,135.1752445429404,0.62802073762194
2025-12-10 16:25:04.251800,133.0700972697583,0.5916645382323615
2025-12-10 16:26:04.251800,145.23748594615515,0.6099779937947182
2025-12-10 16:27:04.251800,145.59472067954837,0.6160302434801233
2025-12-10 16:28:04.251800,141.22028560785463,0.7488451402267037
2025-12-10 16:29:04.251800,167.7417757175809,0.6639096818285424
2025-12-10 16:30:04.251800,93.74576355698352,0.5839144833744498
2025-12-10 16:31:04.251800,127.31766923439048,0.5807595853594291
2025-12-10 16:32:04.251800,139.24229993129626,0.5666720543738131
2025-12-10 16:33:04.251800,113.79010456523942,0.6281631447320146
2025-12-10 16:34:04.251800,143.54879172827427,0.5605356716211429
2025-12-10 16:35:04.251800,143.78863361053936,0.6748669602383627
2025-12-10 16:36:04.251800,146.24200416810578,0.6370187689597078
2025-12-10 16:37:04.251800,147.1652887484436,0.6659876569725476
2025-12-10 16:38:04.251800,160.76356954874285,0.5979950863791033
2025-12-10 16:39:04.251800,171.0441475146818,0.6196296585145497
2025-12-10 16:40:04.251800,154.18904997715083,0.5857415711399283
2025-12-10 16:41:04.251800,156.70780945937585,0.6139380197997343
2025-12-10 16:42:04.251800,136.87171902025244,0.6799333688532608
2025-12-10 16:43:04.251800,150.08107556779763,0.5877671560076292
2025-12-10 16:44:04.251800,131.79420804763134,0.5160207101158804
2025-12-10 16:45:04.251800,127.07103056126097,0.6118813169433307
2025-12-10 16:46:04.251800,146.03979351809846,0.6101471323762109
2025-12-10 16:47:04.251800,130.82207945383095,0.5866879331573115
2025-12-10 16:48:04.251800,118.09083142387617,0.6389357565660763
2025-12-10 16:49:04.251800,113.23139909610619,0.5781932749299497
2025-12-10 16:50:04.251800,119.01119241468264,0.5699347740897276
2025-12-10 16:51:04.251800,155.1250116176708,0.5698625477460196
2025-12-10 16:52:04.251800,128.26029748505016,0.48470851771656465
2025-12-10 16:53:04.251800,140.4923878314826,0.5314003614994376
2025-12-10 16:54:04.251800,122.43259959596988,0.6721932498879275
2025-12-10 16:55:04.251800,161.53312478861756,0.7136892321675705
2025-12-10 16:56:04.251800,147.65590310056524,0.6072819436435818
2025-12-10 16:57:04.251800,137.46849366217705,0.6772129824404542
2025-12-10 16:58:04.251800,153.01048185009063,0.5909940954378708
2025-12-10 16:59:04.251800,135.61137500986752,0.6645424954286734
2025-12-10 17:00:04.251800,165.09728242746365,0.5951432378049178
2025-12-10 17:01:04.251800,132.42206134702118,0.5866013916560203
2025-12-10 17:02:04.251800,140.92266688051873,0.5550135458044142
2025-12-10 17:03:04.251800,150.7797667204017,0.7141554901189551
2025-12-10 17:04:04.251800,150.00961455913165,0.6152351801366149
2025-12-10 17:05:04.251800,148.79876584529592,0.6505345102870834
2025-12-10 17:06:04.251800,142.2645562408955,0.6208713278406547
2025-12-10 17:07:04.251800,143.9972022691345,0.5586796791545481
2025-12-10 17:08:04.251800,155.72565276558473,0.526966651011112
2025-12-10 17:09:04.251800,110.23979228548185,0.5753970773071326
2025-12-10 17:10:04.251800,141.87368413488073,0.6102288942330366
2025-12-10 17:11:04.251800,125.18694862769641,0.5793782049449494
2025-12-10 17:12:04.251800,151.02055925384562,0.5512232861834865
2025-12-10 17:13:04.251800,120.19288543160954,0.5823520531323858
2025-12-10 17:14:04.251800,163.53260741573385,0.5895784850081306
2025-12-10 17:15:04.251800,156.9384111791128,0.6017102386615515
2025-12-10 17:16:04.251800,104.72431150351196,0.5924740134989885
2025-12-10 17:17:04.251800,100.46425418137937,0.6092197102321285
2025-12-10 17:18:04.251800,110.57205403056764,0.6700252874801256
2025-12-10 17:19:04.251800,145.5814009007382,0.6213384453512731
2025-12-10 17:20:04.251800,166.903005866474,0.6074368670124599
2025-12-10 17:21:04.251800,148.25802024641865,0.6635604783185897
2025-12-10 17:22:04.251800,131.18780146529312,0.601341412069276
2025-12-10 17:23:04.251800,158.33526621041403,0.5776410796262009
2025-12-10 17:24:04.251800,160.52967530284786,0.5776773502521273
2025-12-10 17:25:04.251800,124.04431790540025,0.6217112540662022
2025-12-10 17:26:04.251800,121.8418967333632,0.6332808414477726
2025-12-10 17:27:04.251800,138.98859796698878,0.5542970243091578
2025-12-10 17:28:04.251800,149.01981221500745,0.6158126046020482
2025-12-10 17:29:04.251800,138.57307135385304,0.5380855630064608
2025-12-10 17:30:04.251800,136.36415386983552,0.54271450765589
2025-12-10 17:31:04.251800,165.81138974597948,0.6859498760627457
2025-12-10 17:32:04.251800,99.40812802891432,0.5676215257490352
2025-12-10 17:33:04.251800,124.63033989855934,0.6244301641105047
2025-12-10 17:34:04.251800,148.8492700424622,0.5459065146029753
2025-12-10 17:35:04.251800,169.12173552250465,0.5744316180987772
2025-12-10 17:36:04.251800,125.61837166590131,0.5428852157692113
2025-12-10 17:37:04.251800,136.19338979828606,0.6063772753651048
2025-12-10 17:38:04.251800,130.43640479788283,0.48258063026513137
2025-12-10 17:39:04.251800,145.6333935534534,0.6322284869422159
2025-12-10 17:40:04.251800,142.73191751198914,0.5762946683391754
2025-12-10 17:41:04.251800,138.2088148923203,0.5381431635952808
2025-12-10 17:42:04.251800,149.37496207955857,0.5779737316984085
2025-12-10 17:43:04.251800,90.94860385301307,0.6425317603507875
2025-12-10 17:44:04.251800,120.99980772397583,0.5762509177929399
2025-12-10 17:45:04.251800,127.89278568223004,0.6370329537244015
2025-12-10 17:46:04.251800,128.16852254330266,0.5098465178749017
2025-12-10 17:47:04.251800,146.9816534492455,0.5750402786174763
2025-12-10 17:48:04.251800,119.9878508921145,0.6724513057870949
2025-12-10 17:49:04.251800,135.63574014748565,0.5458844080741425
2025-12-10 17:50:04.251800,116.25332723358748,0.6191090987597366
2025-12-10 17:51:04.251800,140.26340964750216,0.5971080045699256
2025-12-10 17:52:04.251800,152.2688073530233,0.5775738927181099
2025-12-10 17:53:04.251800,175.93220247368765,0.6888730873950999
2025-12-10 17:54:04.251800,134.46717372281407,0.6334209468499309
2025-12-10 17:55:04.251800,124.98447494714001,0.6030653159238086
2025-12-10 17:56:04.251800,115.31721653059934,0.6243262510862313
2025-12-10 17:57:04.251800,154.10663616332369,0.6112890785173661
2025-12-10 17:58:04.251800,151.85994956884804,0.5575487067280542
2025-12-10 17:59:04.251800,141.78729485413322,0.6439810303531293
2025-12-10 18:00:04.251800,120.91092969539271,0.6498138908816357
2025-12-10 18:01:04.251800,142.6917264616689,0.5123343978039262
2025-12-10 18:02:04.251800,173.75585713436558,0.6674747764545079
2025-12-10 18:03:04.251800,161.2449570257844,0.4794783121384968
2025-12-10 18:04:04.251800,131.52475159034333,0.5576182023127306
2025-12-10 18:05:04.251800,143.34016739694545,0.535087547306232
2025-12-10 18:06:04.251800,110.14127919981422,0.6057108591258265
2025-12-10 18:07:04.251800,148.07877787881992,0.640091525104629
2025-12-10 18:08:04.251800,136.3871561991704,0.5753444557703836
2025-12-10 18:09:04.251800,157.26498278663047,0.7056449994082878
2025-12-10 18:10:04.251800,127.98553546448142,0.5775095474979489
2025-12-10 18:11:04.251800,138.75228697279283,0.6377256864359595
2025-12-10 18:12:04.251800,152.43056513717954,0.5868320390422684
2025-12-10 18:13:04.251800,144.8174381176885,0.519801494884937
2025-12-10 18:14:04.251800,153.2199183099244,0.4981268630213894
2025-12-10 18:15:04.251800,129.87818230986568,0.5970535634436743
2025-12-10 18:16:04.251800,132.60389963456493,0.5875156239377326
2025-12-10 18:17:04.251800,160.04053928607485,0.5750862851420505
2025-12-10 18:18:04.251800,143.42388959919003,0.5668848382293772
2025-12-10 18:19:04.251800,148.68061759162464,0.5086702390540021
2025-12-10 18:20:04.251800,137.36226769410828,0.6548587569673026
2025-12-10 18:21:04.251800,124.66274498051129,0.5408058616152537
2025-12-10 18:22:04.251800,152.29950119858253,0.5646658589592399
2025-12-10 18:23:04.251800,144.82559946928788,0.6481540024118833
2025-12-10 18:24:04.251800,118.60706395430739,0.5624594524313626
2025-12-10 18:25:04.251800,157.37053103708925,0.6451356430196546
2025-12-10 18:26:04.251800,141.6131062173045,0.5628197098439689
2025-12-10 18:27:04.251800,128.6506089086774,0.6209632614181327
2025-12-10 18:28:04.251800,127.30230154203933,0.5331873679334098
2025-12-10 18:29:04.251800,159.03383835126775,0.6172675330840274
2025-12-10 18:30:04.251800,127.99722412679772,0.6440836940460428
2025-12-10 18:31:04.251800,114.62894213493453,0.5744083787960098
2025-12-10 18:32:04.251800,162.02291403612531,0.6532159784581925
2025-12-10 18:33:04.251800,128.09874648020246,0.5774807530712119
2025-12-10 18:34:04.251800,136.79043280184925,0.6079439444701832
2025-12-10 18:35:04.251800,143.09125120665266,0.6865924728819033
2025-12-10 18:36:04.251800,147.7364250583975,0.6336108896026451
2025-12-10 18:37:04.251800,133.29772845815884,0.6652331059944925
2025-12-10 18:38:04.251800,126.62492838473356,0.6053839408461261
2025-12-10 18:39:04.251800,118.95747364920382,0.5623496649796592
2025-12-10 18:40:04.251800,131.59065839314817,0.6113178860493306
2025-12-10 18:41:04.251800,114.84918419875227,0.6234959946666456
2025-12-10 18:42:04.251800,136.75623849983052,0.5867817680170564
2025-12-10 18:43:04.251800,139.85323628841223,0.6583277026258638
2025-12-10 18:44:04.251800,120.95345766207676,0.6683877061516704
2025-12-10 18:45:04.251800,155.26862909046847,0.6069602443917935
2025-12-10 18:46:04.251800,131.9905362743455,0.6711853086654511
2025-12-10 18:47:04.251800,122.11239192521457,0.6024560554749488
2025-12-10 18:48:04.251800,132.5467773288694,0.567592329744458
2025-12-10 18:49:04.251800,138.28274091795376,0.5085472446052732
2025-12-10 18:50:04.251800,174.42619775766144,0.6293468000184171
2025-12-10 18:51:04.251800,154.63868078422712,0.5443248416031392
2025-12-10 18:52:04.251800,118.9149682558863,0.580690147749759
2025-12-10 18:53:04.251800,139.97635004172832,0.5250407055786195
2025-12-10 18:54:04.251800,163.26102211508731,0.6588944616723011
2025-12-10 18:55:04.251800,123.53988691627576,0.6562337871929655
2025-12-10 18:56:04.251800,127.1862941584401,0.5761248574067145
2025-12-10 18:57:04.251800,154.5123745140988,0.6449893237470503
2025-12-10 18:58:04.251800,154.4729331370389,0.5890661895010453
2025-12-10 18:59:04.251800,139.5789172839392,0.6857179342657124
2025-12-10 19:00:04.251800,133.45385475887787,0.5763043390548483
2025-12-10 19:01:04.251800,149.22590630769065,0.6004410674362759
2025-12-10 19:02:04.251800,134.99587372223417,0.5717803373364051
2025-12-10 19:03:04.251800,145.9346270174181,0.6900908459190378
2025-12-10 19:04:04.251800,137.7008984031192,0.6198993360906117
2025-12-10 19:05:04.251800,144.60352973632465,0.5972373791490679
2025-12-10 19:06:04.251800,128.3994359280931,0.5473740619187604
2025-12-10 19:07:04.251800,153.44668923350224,0.7011859644176377
2025-12-10 19:08:04.251800,103.86547785846284,0.6507424396951516
2025-12-10 19:09:04.251800,126.46371315487005,0.6733298708424225
2025-12-10 19:10:04.251800,140.10975715961487,0.5911496229888614
2025-12-10 19:11:04.251800,147.97075577513505,0.6518065591094321
2025-12-10 19:12:04.251800,147.8122699465742,0.6073648388507792
2025-12-10 19:13:04.251800,120.24041188549444,0.6455229979046302
2025-12-10 19:14:04.251800,113.68000496034679,0.5812411415434302
2025-12-10 19:15:04.251800,182.14705410071645,0.5818279849116138
2025-12-10 19:16:04.251800,162.70611661281063,0.5198063004247531
2025-12-10 19:17:04.251800,141.33629867198914,0.5485079824823738
2025-12-10 19:18:04.251800,100.58791729031682,0.5348438667553597
2025-12-10 19:19:04.251800,159.89184787246768,0.6407541540980639
2025-12-10 19:20:04.251800,127.84235671045752,0.5692964229922656
2025-12-10 19:21:04.251800,129.7118917389644,0.593408210756005
2025-12-10 19:22:04.251800,130.35465894402404,0.6007841825092448
2025-12-10 19:23:04.251800,154.33664645610088,0.5585301771499162
2025-12-10 19:24:04.251800,132.9315129046048,0.5902436310986605
2025-12-10 19:25:04.251800,144.5850198118031,0.6403149775387286
2025-12-10 19:26:04.251800,134.52731922482226,0.623186991415459
2025-12-10 19:27:04.251800,155.00239554647595,0.4584318359669383
2025-12-10 19:28:04.251800,175.4713318437976,0.6276335158052442
2025-12-10 19:29:04.251800,129.3439943149695,0.6445747747130136
2025-12-10 19:30:04.251800,115.10830820484667,0.5564515467989986
2025-12-10 19:31:04.251800,141.8192084170431,0.6100795654935347
2025-12-10 19:32:04.251800,134.10458038694196,0.5210878196661494
2025-12-10 19:33:04.251800,132.32315842232123,0.5448901918115869
2025-12-10 19:34:04.251800,147.2824813342669,0.5244321328929689
2025-12-10 19:35:04.251800,131.28426872598035,0.6143508520461746
2025-12-10 19:36:04.251800,92.35223409561868,0.47916211342521436
2025-12-10 19:37:04.251800,124.36400504341196,0.5534902515946732
2025-12-10 19:38:04.251800,148.680388450443,0.563710751801129
2025-12-10 19:39:04.251800,136.81468886524803,0.7189029635073422
2025-12-10 19:40:04.251800,139.1853991953252,0.6667593234781419
2025-12-10 19:41:04.251800,147.39661220361475,0.728947305247607
2025-12-10 19:42:04.251800,142.3176092267988,0.6039573921462642
2025-12-10 19:43:04.251800,145.72707158012352,0.5302681282401817
2025-12-10 19:44:04.251800,116.96236838088656,0.5836176059115462
2025-12-10 19:45:04.251800,145.47934502164495,0.5768081524592699
2025-12-10 19:46:04.251800,133.4636252084328,0.6294691343744312
2025-12-10 19:47:04.251800,124.46552131126606,0.6347129537110686
2025-12-10 19:48:04.251800,112.29897776436644,0.531704296125178
2025-12-10 19:49:04.251800,135.9178808386088,0.7094073251779641
2025-12-10 19:50:04.251800,140.75016825687337,0.6120961921220872
2025-12-10 19:51:04.251800,141.14103640347702,0.6590827590645297
2025-12-10 19:52:04.251800,125.5751134793283,0.5712760060816107
2025-12-10 19:53:04.251800,143.6657600150305,0.5851335898379009
2025-12-10 19:54:04.251800,155.32235544644968,0.5784617029059116
2025-12-10 19:55:04.251800,131.88664022863864,0.6000900730338958
2025-12-10 19:56:04.251800,149.2998484701148,0.5765112779881105
2025-12-10 19:57:04.251800,168.8162558425417,0.5609217044512882
2025-12-10 19:58:04.251800,135.9923274749867,0.5241297499258442
2025-12-10 19:59:04.251800,170.84320273150868,0.5749658164368975
2025-12-10 20:00:04.251800,27.981936346936237,0.1449711653981322
2025-12-10 20:01:04.251800,29.28592761930998,0.108885731022177
2025-12-10 20:02:04.251800,29.592440918648165,0.2210470360622483
2025-12-10 20:03:04.251800,21.633385206053845,0.17856036439057
2025-12-10 20:04:04.251800,35.1379182855436,0.168382945233081
2025-12-10 20:05:04.251800,42.55075008962064,0.12073120455905555
2025-12-10 20:06:04.251800,27.89366359030454,0.17278001223366016
2025-12-10 20:07:04.251800,24.561907591663033,0.14361721862401464
2025-12-10 20:08:04.251800,37.72449462659968,0.19044363001042777
2025-12-10 20:09:04.251800,28.843072877488574,0.22868633612817962
2025-12-10 20:10:04.251800,31.006852968387236,0.20409983550565586
2025-12-10 20:11:04.251800,23.137210928218405,0.17049532811561052
2025-12-10 20:12:04.251800,28.54219892512561,0.17216799888824486
2025-12-10 20:13:04.251800,25.84028357806842,0.10768769637945323
2025-12-10 20:14:04.251800,30.131453217670554,0.10333508792707963
2025-12-10 20:15:04.251800,35.963919984597254,0.14324341161848914
2025-12-10 20:16:04.251800,32.877443454666135,0.20070718159962556
2025-12-10 20:17:04.251800,21.468777442018357,0.17686594768394998
2025-12-10 20:18:04.251800,30.160926253330235,0.12581043841269987
2025-12-10 20:19:04.251800,24.101889192705055,0.12969763006776913
2025-12-10 20:20:04.251800,30.299285567255946,0.18268330661821505
2025-12-10 20:21:04.251800,37.64909791221662,0.16061948854479838
2025-12-10 20:22:04.251800,35.672491133929014,0.15382762817474852
2025-12-10 20:23:04.251800,33.70133089753636,0.1476790509678757
2025-12-10 20:24:04.251800,27.147745600053838,0.19718155979652835
2025-12-10 20:25:04.251800,31.18457958870448,0.1578870917552292
2025-12-10 20:26:04.251800,35.808136740305656,0.18932543073120447
2025-12-10 20:27:04.251800,27.887213031840552,0.07077572450751855
2025-12-10 20:28:04.251800,41.34576398325514,0.13177354716177475
2025-12-10 20:29:04.251800,23.426135878041244,0.21900059120327142
2025-12-10 20:30:04.251800,27.917699860199058,0.1532935861207912
2025-12-10 20:31:04.251800,27.23100459833068,0.15167494661498573
2025-12-10 20:32:04.251800,34.808136216495775,0.19825619351634055
2025-12-10 20:33:04.251800,34.62892414561262,0.17279821055040082
2025-12-10 20:34:04.251800,27.117951204477514,0.14155650128828923
2025-12-10 20:35:04.251800,32.034106317941436,0.13391835957208414
2025-12-10 20:36:04.251800,28.87966141593994,0.14990535636165003
2025-12-10 20:37:04.251800,33.52079234503874,0.1605201615328259
2025-12-10 20:38:04.251800,33.42912641564368,0.13627557307760652
2025-12-10 20:39:04.251800,25.597546336202843,0.13795628874733773
2025-12-10 20:40:04.251800,33.51595079628078,0.12363894245713554
2025-12-10 20:41:04.251800,35.84980584065677,0.17205624933742947
2025-12-10 20:42:04.251800,29.97931464944503,0.14590346876906707
2025-12-10 20:43:04.251800,24.086091303442068,0.09575868766245964
2025-12-10 20:44:04.251800,31.48073578413697,0.15214308199369336
2025-12-10 20:45:04.251800,25.53262465993752,0.1442239979638429
2025-12-10 20:46:04.251800,26.78783932272715,0.15301963029346877
2025-12-10 20:47:04.251800,26.807570535346034,0.20344049956511634
2025-12-10 20:48:04.251800,32.80530505288146,0.1602242658379566
2025-12-10 20:49:04.251800,16.26344226449263,0.17785434440263587
2025-12-10 20:50:04.251800,25.988505928962425,0.1376842557994405
2025-12-10 20:51:04.251800,38.30366067021403,0.13424061042041377
2025-12-10 20:52:04.251800,29.06164598357954,0.2041062298780073
2025-12-10 20:53:04.251800,27.2643069727265,0.16663807344459192
2025-12-10 20:54:04.251800,31.369695750800485,0.12798333615705443
2025-12-10 20:55:04.251800,32.146088039151834,0.11358011482464886
2025-12-10 20:56:04.251800,28.083184277633226,0.18735522980288316
2025-12-10 20:57:04.251800,28.67346126090361,0.1543995908312898
2025-12-10 20:58:04.251800,34.893385199077045,0.1883243127135527
2025-12-10 20:59:04.251800,31.78070771586796,0.1454102330146807
2025-12-10 21:00:04.251800,31.53794309156992,0.10612828225980331
2025-12-10 21:01:04.251800,27.891002085343526,0.10933459487157715
2025-12-10 21:02:04.251800,30.402828533414187,0.16753328950059904
2025-12-10 21:03:04.251800,19.837612172915193,0.22526113544656812
2025-12-10 21:04:04.251800,39.56782116167861,0.14523761965817106
2025-12-10 21:05:04.251800,31.367048361316694,0.15157138821257193
2025-12-10 21:06:04.251800,29.29381916269268,0.13087120410346137
2025-12-10 21:07:04.251800,25.562531449201018,0.2143657220368489
2025-12-10 21:08:04.251800,18.58020676684442,0.10976299917634844
2025-12-10 21:09:04.251800,26.797823140677714,0.10238731312357804
2025-12-10 21:10:04.251800,26.511999885654866,0.19510611575913045
2025-12-10 21:11:04.251800,27.80511551828634,0.12580164485832224
2025-12-10 21:12:04.251800,30.51154302553286,0.2231809226193384
2025-12-10 21:13:04.251800,39.03704490925017,0.19198103531682328
2025-12-10 21:14:04.251800,27.806367659322785,0.13276608945251847
2025-12-10 21:15:04.251800,25.38107699168294,0.10250780262607152
2025-12-10 21:16:04.251800,34.992177204149016,0.10807909763553722
2025-12-10 21:17:04.251800,27.74145511803733,0.13598278657632928
2025-12-10 21:18:04.251800,25.5777138999893,0.12214571874228156
2025-12-10 21:19:04.251800,23.60529960630411,0.15654785972955654
2025-12-10 21:20:04.251800,40.803955211000286,0.18708678804134232
2025-12-10 21:21:04.251800,30.380814396422448,0.134652375280718
2025-12-10 21:22:04.251800,40.19954494301675,0.1463805452764622
2025-12-10 21:23:04.251800,26.298087659727937,0.13263051786526933
2025-12-10 21:24:04.251800,24.144012125194863,0.1458127028820299
2025-12-10 21:25:04.251800,36.071907610535874,0.12340319053324592
2025-12-10 21:26:04.251800,28.63156350207392,0.18654921265568927
2025-12-10 21:27:04.251800,31.850855489712416,0.14503407723212636
2025-12-10 21:28:04.251800,31.418350149320137,0.14825840399229182
2025-12-10 21:29:04.251800,34.0100582361182,0.15795889744852645
2025-12-10 21:30:04.251800,24.600103638674227,0.1469074054859272
2025-12-10 21:31:04.251800,24.761776959679718,0.17845146526925254
2025-12-10 21:32:04.251800,38.72774676626755,0.17384758912856618
2025-12-10 21:33:04.251800,27.895883901434797,0.2120723688002921
2025-12-10 21:34:04.251800,16.109658798819282,0.16002426802235456
2025-12-10 21:35:04.251800,34.337469845117326,0.19763729746493303
2025-12-10 21:36:04.251800,28.813633147222774,0.1257857418467718
2025-12-10 21:37:04.251800,28.06771422322219,0.18586729447787703
2025-12-10 21:38:04.251800,31.388003878877118,0.13306908902136128
2025-12-10 21:39:04.251800,26.174790954807982,0.1536332816931483
2025-12-10 21:40:04.251800,26.502041441672517,0.16939402498106715
2025-12-10 21:41:04.251800,26.6278616601881,0.1935858224185247
2025-12-10 21:42:04.251800,29.50813305513528,0.08079522042351829
2025-12-10 21:43:04.251800,32.01293488417009,0.1745895200612025
2025-12-10 21:44:04.251800,37.57558721617259,0.11905409481637133
2025-12-10 21:45:04.251800,30.844060271287372,0.12812263972951288
2025-12-10 21:46:04.251800,30.121869462731944,0.19871639234662697
2025-12-10 21:47:04.251800,23.8373596803165,0.17972959576168135
2025-12-10 21:48:04.251800,34.72037133117849,0.14393332432733
2025-12-10 21:49:04.251800,28.42613873601677,0.0928503096051563
2025-12-10 21:50:04.251800,29.095900653287632,0.130738683572096
2025-12-10 21:51:04.251800,33.498303392070376,0.1358777995784022
2025-12-10 21:52:04.251800,30.898828608170405,0.16532900478495322
2025-12-10 21:53:04.251800,31.4966416040294,0.18675524177523842
2025-12-10 21:54:04.251800,29.832859470862523,0.17494219426668584
2025-12-10 21:55:04.251800,29.627833671177125,0.163194401971898
2025-12-10 21:56:04.251800,37.87715834276288,0.16449005129188943
2025-12-10 21:57:04.251800,27.83157910716493,0.13647734438098388
2025-12-10 21:58:04.251800,28.467530695230952,0.15452307157835474
2025-12-10 21:59:04.251800,30.122115802464933,0.14913926958991325
2025-12-10 22:00:04.251800,17.041965067929972,0.17790864223545047
2025-12-10 22:01:04.251800,28.792972758864707,0.13362045309075832
2025-12-10 22:02:04.251800,30.01841618142489,0.15105317604187013
2025-12-10 22:03:04.251800,22.057736386382558,0.18075219879508309
2025-12-10 22:04:04.251800,21.08897369948534,0.13883711290956738
2025-12-10 22:05:04.251800,32.695452205776995,0.129549314328514
2025-12-10 22:06:04.251800,23.976859595119418,0.12890001771577214
2025-12-10 22:07:04.251800,33.35636571115994,0.10196958690840704
2025-12-10 22:08:04.251800,26.565594880009147,0.1235206397036692
2025-12-10 22:09:04.251800,27.528798120120726,0.12055003221487343
2025-12-10 22:10:04.251800,34.03531448357744,0.24685630078056175
2025-12-10 22:11:04.251800,32.29274380097856,0.19681757980933284
2025-12-10 22:12:04.251800,26.496352293388686,0.15648655984513726
2025-12-10 22:13:04.251800,32.769750528789764,0.1785979385769173
2025-12-10 22:14:04.251800,31.160413899920236,0.1320580311795974
2025-12-10 22:15:04.251800,30.51746576024462,0.10250029868699678
2025-12-10 22:16:04.251800,21.205931591657766,0.13188309507378243
2025-12-10 22:17:04.251800,36.50490561134956,0.1890253861475346
2025-12-10 22:18:04.251800,40.65329038417447,0.11649983248892543
2025-12-10 22:19:04.251800,32.4464405313404,0.14863567386077584
2025-12-10 22:20:04.251800,28.92188630965309,0.15517345553516604
2025-12-10 22:21:04.251800,33.97988096826005,0.16269243764224628
2025-12-10 22:22:04.251800,34.36439023038146,0.09629658366095596
2025-12-10 22:23:04.251800,28.35570460705864,0.1752591886239404
2025-12-10 22:24:04.251800,26.067584621728695,0.14668210129960513
2025-12-10 22:25:04.251800,30.019253626631752,0.17187625344206026
2025-12-10 22:26:04.251800,25.713821294381944,0.17632349112874726
2025-12-10 22:27:04.251800,21.165545040631557,0.10733260408541105
2025-12-10 22:28:04.251800,23.159171277169193,0.10888554333834619
2025-12-10 22:29:04.251800,39.01324418374911,0.14020447592106566
2025-12-10 22:30:04.251800,31.6188629803867,0.15824396826403936
2025-12-10 22:31:04.251800,42.237629388335264,0.1364461142243781
2025-12-10 22:32:04.251800,31.265996918072286,0.13913999866582735
2025-12-10 22:33:04.251800,26.95406192337274,0.18546489668483745
2025-12-10 22:34:04.251800,31.08377549189446,0.18569783844559118
2025-12-10 22:35:04.251800,27.682540033471057,0.16135712103600458
2025-12-10 22:36:04.251800,27.902998162977163,0.13550261913817171
2025-12-10 22:37:04.251800,32.36832232848066,0.15416525500960565
2025-12-10 22:38:04.251800,27.13917130928014,0.21807442553464995
2025-12-10 22:39:04.251800,21.551848186238345,0.11090383492896001
2025-12-10 22:40:04.251800,31.44742749111921,0.16645039815993953
2025-12-10 22:41:04.251800,18.59217603401881,0.1432104457486432
2025-12-10 22:42:04.251800,25.175849944209098,0.2113071373780558
2025-12-10 22:43:04.251800,77.17795111281772,0.31065722309887
2025-12-10 22:44:04.251800,78.84065083863639,0.24674835620015023
2025-12-10 22:45:04.251800,68.32925197234472,0.2207548360957146
2025-12-10 22:46:04.251800,67.6098845430872,0.3459848614267021
2025-12-10 22:47:04.251800,82.99892870718202,0.26059345038421594
2025-12-10 22:48:04.251800,76.29947684045112,0.2553297632618329
2025-12-10 22:49:04.251800,80.57609151764508,0.22612183518304263
2025-12-10 22:50:04.251800,66.3688327348049,0.18917433455122412
2025-12-10 22:51:04.251800,72.4700020220723,0.24344263505088412
2025-12-10 22:52:04.251800,99.51474719566185,0.30997014188696265
2025-12-10 22:53:04.251800,76.89249108973313,0.2279924196978795
2025-12-10 22:54:04.251800,84.61940471765021,0.24560073587564876
2025-12-10 22:55:04.251800,88.1468672243661,0.3148791170939358
2025-12-10 22:56:04.251800,47.33292886132443,0.28241628134575086
2025-12-10 22:57:04.251800,65.57992294261281,0.23039485973907822
2025-12-10 22:58:04.251800,61.6382561869864,0.19356555740855486
2025-12-10 22:59:04.251800,66.28037223759009,0.3024181024040204
2025-12-10 23:00:04.251800,85.87617602600159,0.23580778622523657
2025-12-10 23:01:04.251800,68.35106868630704,0.33249773862237225
2025-12-10 23:02:04.251800,71.02256520744018,0.2588632146052246
2025-12-10 23:03:04.251800,83.3860724630264,0.25378687587879734
2025-12-10 23:04:04.251800,34.10022730234191,0.27035759084472316
2025-12-10 23:05:04.251800,45.46540162547183,0.280490536238376
2025-12-10 23:06:04.251800,71.31163127556613,0.30671596619704095
2025-12-10 23:07:04.251800,52.34379548203591,0.21241088098201552
2025-12-10 23:08:04.251800,71.439963755139,0.16901949712581635
2025-12-10 23:09:04.251800,46.31058738063828,0.2756720732031372
2025-12-10 23:10:04.251800,49.62813978211537,0.24172150309855267
2025-12-10 23:11:04.251800,74.18927988733812,0.14794683028189107
2025-12-10 23:12:04.251800,67.53829877591346,0.20528807303566612
2025-12-10 23:13:04.251800,58.03616972549267,0.12447258258138667
2025-12-10 23:14:04.251800,68.08720985908865,0.20855244740257825
2025-12-10 23:15:04.251800,85.08307758474338,0.23352382267207458
2025-12-10 23:16:04.251800,60.14314727091078,0.2626817791465171
2025-12-10 23:17:04.251800,62.257461137139025,0.27620476187007653
2025-12-10 23:18:04.251800,56.95757062290618,0.19131090415533986
2025-12-10 23:19:04.251800,70.60793704259218,0.23391601920617297
2025-12-10 23:20:04.251800,98.78974866801717,0.1697770136447137
2025-12-10 23:21:04.251800,59.92153847755704,0.25180290149366047
2025-12-10 23:22:04.251800,81.94012058476795,0.2882097037024854
2025-12-10 23:23:04.251800,64.59372094703303,0.23632888913888592
2025-12-10 23:24:04.251800,39.31227571641009,0.23515982809193683
2025-12-10 23:25:04.251800,78.17750690922097,0.36695251729058115
2025-12-10 23:26:04.251800,49.590991734390876,0.2102434003788293
2025-12-10 23:27:04.251800,64.86161483278076,0.3399285557655288
2025-12-10 23:28:04.251800,69.29232779752871,0.1462807609045543
2025-12-10 23:29:04.251800,66.27515281106194,0.3131470696027854
2025-12-10 23:30:04.251800,58.02110992704857,0.23593867357582377
2025-12-10 23:31:04.251800,81.9512298306848,0.30822859343658904
2025-12-10 23:32:04.251800,67.50129606941366,0.3096454589667582
2025-12-10 23:33:04.251800,59.561413587650605,0.14237624106627464
2025-12-10 23:34:04.251800,56.241184866808176,0.22297044776842317
2025-12-10 23:35:04.251800,69.0816852030046,0.2756459060402901
2025-12-10 23:36:04.251800,54.091077299011886,0.2363289402706986
2025-12-10 23:37:04.251800,73.79716415678706,0.26681477361248146
2025-12-10 23:38:04.251800,78.59643633009597,0.23468198468990983
2025-12-10 23:39:04.251800,72.84020164790307,0.3009440232798111
2025-12-10 23:40:04.251800,55.20097873203313,0.34450227156587215
2025-12-10 23:41:04.251800,77.24574211840427,0.24113791561072465
2025-12-10 23:42:04.251800,20.074810309658105,0.15006700015292967
2025-12-10 23:43:04.251800,25.03079267588204,0.1771284221407238
2025-12-10 23:44:04.251800,30.214543018729856,0.17693633643518336
2025-12-10 23:45:04.251800,26.902793483453255,0.1642412583806361
2025-12-10 23:46:04.251800,25.72756926506531,0.11001031543767403
2025-12-10 23:47:04.251800,23.535653263475623,0.12397908546338318
2025-12-10 23:48:04.251800,21.306171918212527,0.09934502887444382
2025-12-10 23:49:04.251800,25.614270173037937,0.16148989397292965
2025-12-10 23:50:04.251800,28.406134738251833,0.1348699544249977
2025-12-10 23:51:04.251800,22.54028756253048,0.16553575472901072
2025-12-10 23:52:04.251800,33.25305415116835,0.18681013806642272
2025-12-10 23:53:04.251800,36.132559286509085,0.08214769216436324
2025-12-10 23:54:04.251800,32.10497404522776,0.1597386613231059
2025-12-10 23:55:04.251800,34.79280826518005,0.13725274742908933
2025-12-10 23:56:04.251800,22.68530681533388,0.14703235115349833
2025-12-10 23:57:04.251800,29.15142948317293,0.2195835118246679
2025-12-10 23:58:04.251800,33.26596307635611,0.1666174790290428
2025-12-10 23:59:04.251800,31.616633312702486,0.22006752884405836
2025-12-11 00:00:04.251800,26.705543874259092,0.18882623132555879
2025-12-11 00:01:04.251800,34.88801840488874,0.16979133061833898
2025-12-11 00:02:04.251800,36.850769379903454,0.13897184738477697
2025-12-11 00:03:04.251800,31.099354546523323,0.14795460412442069
2025-12-11 00:04:04.251800,21.257223112134362,0.20053680089862747
2025-12-11 00:05:04.251800,22.76262535771495,0.12624681068516547
2025-12-11 00:06:04.251800,28.989394010952466,0.1454221903543602
2025-12-11 00:07:04.251800,34.14971773357181,0.1264367055336072
2025-12-11 00:08:04.251800,35.832227700895686,0.15907527687298406
2025-12-11 00:09:04.251800,36.90302271093683,0.11370394662976714
2025-12-11 00:10:04.251800,30.82145209761081,0.12973797448217633
2025-12-11 00:11:04.251800,34.56640742736151,0.12485332337459014
2025-12-11 00:12:04.251800,30.087245512364348,0.1838590056891826
2025-12-11 00:13:04.251800,26.28988604676382,0.18483268044738294
2025-12-11 00:14:04.251800,20.722547138225224,0.16201778525898927
2025-12-11 00:15:04.251800,32.06715035020592,0.13158264764904953
2025-12-11 00:16:04.251800,37.14617547283319,0.1291122602386647
2025-12-11 00:17:04.251800,31.09043582173217,0.13380153612413112
2025-12-11 00:18:04.251800,15.79439325466377,0.15304060622545093
2025-12-11 00:19:04.251800,22.58749402724345,0.14506154765008275
2025-12-11 00:20:04.251800,37.516734916468195,0.13794180522600236
2025-12-11 00:21:04.251800,28.561183939671285,0.13818930810395372
2025-12-11 00:22:04.251800,22.516699709332226,0.14675393969226835
2025-12-11 00:23:04.251800,26.25737809096578,0.19787272399700745
2025-12-11 00:24:04.251800,27.41620851293573,0.12827538135812552
2025-12-11 00:25:04.251800,32.03892350822604,0.1488402538976087
2025-12-11 00:26:04.251800,20.798145528220658,0.14657583188159723
2025-12-11 00:27:04.251800,27.466583481828458,0.10428796522757341
2025-12-11 00:28:04.251800,34.452971875368235,0.10835771457926313
2025-12-11 00:29:04.251800,34.90900504097603,0.13540716273649983
2025-12-11 00:30:04.251800,34.473412246256885,0.1032303226769433
2025-12-11 00:31:04.251800,29.52626028217989,0.20106567649071344
2025-12-11 00:32:04.251800,26.57922626116851,0.15215011743307993
2025-12-11 00:33:04.251800,22.806471876162515,0.12476033761104019
2025-12-11 00:34:04.251800,41.40030878589184,0.20467140017942687
2025-12-11 00:35:04.251800,27.08704272214796,0.13675860493723518
2025-12-11 00:36:04.251800,32.51113145210826,0.1780142901732937
2025-12-11 00:37:04.251800,33.303428659648816,0.1488433803154855
2025-12-11 00:38:04.251800,29.70598315407656,0.1736287360045934
2025-12-11 00:39:04.251800,28.7285030540757,0.18263346034794375
2025-12-11 00:40:04.251800,31.525608041883885,0.1268624478700116
2025-12-11 00:41:04.251800,34.39012420860536,0.16841173141256152
2025-12-11 00:42:04.251800,27.788947799743138,0.13828830945768014
2025-12-11 00:43:04.251800,31.44001908795562,0.19241192627714912
2025-12-11 00:44:04.251800,32.186131394219906,0.15112829217082754
2025-12-11 00:45:04.251800,28.363055338615794,0.13423332643496988
2025-12-11 00:46:04.251800,26.734545775990654,0.16054710173491094
2025-12-11 00:47:04.251800,28.795067019162875,0.07620180611488082
2025-12-11 00:48:04.251800,30.916474741937115,0.12658531937929307
2025-12-11 00:49:04.251800,31.030120324615115,0.13033369918100893
2025-12-11 00:50:04.251800,29.91963582077893,0.18923957102330585
2025-12-11 00:51:04.251800,31.248467658840497,0.0870447356183529
2025-12-11 00:52:04.251800,36.34723991310723,0.16295195572433938
2025-12-11 00:53:04.251800,29.31794702867997,0.19838657178438535
2025-12-11 00:54:04.251800,28.5925844437536,0.11988744792946178
2025-12-11 00:55:04.251800,23.78616564232869,0.1892272382413896
2025-12-11 00:56:04.251800,28.388748717568816,0.13759605505986025
2025-12-11 00:57:04.251800,30.256051059909808,0.1205962667368674
2025-12-11 00:58:04.251800,22.995276089467207,0.09933926096695797
2025-12-11 00:59:04.251800,37.836487833903206,0.1180373518914343
2025-12-11 01:00:04.251800,23.180464348755766,0.16707589495877312
2025-12-11 01:01:04.251800,23.778298151667393,0.1372612781450546
2025-12-11 01:02:04.251800,31.89695842842534,0.11640511879220491
2025-12-11 01:03:04.251800,29.43599161624858,0.14267563503014136
2025-12-11 01:04:04.251800,36.50662999342294,0.12771313397360726
2025-12-11 01:05:04.251800,31.543175676501424,0.16430930598914922
2025-12-11 01:06:04.251800,36.85962114592374,0.16066471928161666
2025-12-11 01:07:04.251800,24.03651294248003,0.1528486025476817
2025-12-11 01:08:04.251800,26.641203204532047,0.11729449395163394
2025-12-11 01:09:04.251800,30.594983834493434,0.1517227027693905
2025-12-11 01:10:04.251800,28.612697157374633,0.12157708111276216
2025-12-11 01:11:04.251800,32.25637955174942,0.1266221372712294
2025-12-11 01:12:04.251800,26.921134489980822,0.16134795573362182
2025-12-11 01:13:04.251800,32.79279930055592,0.1673886639066906
2025-12-11 01:14:04.251800,32.54514978091369,0.19319592190089038
2025-12-11 01:15:04.251800,24.536527300166668,0.1241703413460277
2025-12-11 01:16:04.251800,34.67883885295972,0.12221250112940332
2025-12-11 01:17:04.251800,31.623488061536857,0.10175270588605968
2025-12-11 01:18:04.251800,33.89979356989265,0.16760954491767593
2025-12-11 01:19:04.251800,32.85312662234598,0.1069020805662945
2025-12-11 01:20:04.251800,28.402433938791393,0.1798469900107535
2025-12-11 01:21:04.251800,32.134117820315055,0.14667980383787818
2025-12-11 01:22:04.251800,34.588445955430146,0.14810931858883236
2025-12-11 01:23:04.251800,35.868427400860895,0.12384888522260278
2025-12-11 01:24:04.251800,34.16069641209463,0.1478048057187567
2025-12-11 01:25:04.251800,15.732054151993495,0.17163599386659495
2025-12-11 01:26:04.251800,27.87084292814084,0.216847494642544
2025-12-11 01:27:04.251800,30.859628834200148,0.11446541234709323
2025-12-11 01:28:04.251800,31.962011831934305,0.15466199069211176
2025-12-11 01:29:04.251800,37.44002048481008,0.13783246588450562
2025-12-11 01:30:04.251800,30.56813507052293,0.18384176451640244
2025-12-11 01:31:04.251800,29.6579858526812,0.1335180900270586
2025-12-11 01:32:04.251800,33.014679247771724,0.15246073490802287
2025-12-11 01:33:04.251800,29.46227777341055,0.1485989103570259
2025-12-11 01:34:04.251800,31.96004116646882,0.14452520793840246
2025-12-11 01:35:04.251800,28.162115366723455,0.1701178919619906
2025-12-11 01:36:04.251800,21.79799828830953,0.1738960948909804
2025-12-11 01:37:04.251800,37.17048063631843,0.162596446274692
2025-12-11 01:38:04.251800,27.521431368508566,0.09129229523289706
2025-12-11 01:39:04.251800,32.30484039531465,0.15490905311396394
2025-12-11 01:40:04.251800,29.71992562305317,0.2036438637694539
2025-12-11 01:41:04.251800,21.404770268730744,0.16416681361972071
2025-12-11 01:42:04.251800,27.62962315735292,0.10625769294888779
2025-12-11 01:43:04.251800,32.45258749827958,0.1341564395776783
2025-12-11 01:44:04.251800,26.902462781837286,0.13714181736826284
2025-12-11 01:45:04.251800,31.658441109557792,0.1400674289720878
2025-12-11 01:46:04.251800,31.174242594355825,0.1446611046181049
2025-12-11 01:47:04.251800,30.26524680797504,0.14317074046030873
2025-12-11 01:48:04.251800,27.752942181733765,0.11850515757620861
2025-12-11 01:49:04.251800,26.33580195318225,0.17726709619549827
2025-12-11 01:50:04.251800,29.16675345107518,0.1787987954165964
2025-12-11 01:51:04.251800,26.745201317649844,0.1935625844456793
2025-12-11 01:52:04.251800,34.630604082084616,0.14753571942716395
2025-12-11 01:53:04.251800,32.950165351126664,0.13186990580562336
2025-12-11 01:54:04.251800,32.42305655146711,0.17030707313293225
2025-12-11 01:55:04.251800,21.506331426811883,0.1324346923613216
2025-12-11 01:56:04.251800,42.7602772664557,0.14582125690028946
2025-12-11 01:57:04.251800,28.079023387966817,0.1360395992611169
2025-12-11 01:58:04.251800,31.954016257734658,0.14648640484275693
2025-12-11 01:59:04.251800,29.11868781375649,0.2064646826639249
2025-12-11 02:00:04.251800,36.143088520327545,0.17934354145107018
2025-12-11 02:01:04.251800,36.265553453154425,0.14040553201789924
2025-12-11 02:02:04.251800,39.56535700602094,0.08388201782406728
2025-12-11 02:03:04.251800,34.39461028084626,0.1742279799287712
2025-12-11 02:04:04.251800,28.270924005702383,0.16001143370690965
2025-12-11 02:05:04.251800,27.811415372222562,0.1709748252587008
2025-12-11 02:06:04.251800,24.58090001521801,0.12203791314006593
2025-12-11 02:07:04.251800,31.009555308841705,0.16579812627696366
2025-12-11 02:08:04.251800,25.1004509827986,0.15966247423925062
2025-12-11 02:09:04.251800,20.68957416569928,0.12922507480605663
2025-12-11 02:10:04.251800,36.58082504234539,0.15889388343525543
2025-12-11 02:11:04.251800,27.34063818395608,0.12302352402712295
2025-12-11 02:12:04.251800,33.80521162641659,0.14206344337281385
2025-12-11 02:13:04.251800,23.862242249210055,0.1346585459038473
2025-12-11 02:14:04.251800,30.849416237219806,0.1729432306329313
2025-12-11 02:15:04.251800,27.41314705042781,0.1679060266502306
2025-12-11 02:16:04.251800,28.76373482595823,0.1797543809796639
2025-12-11 02:17:04.251800,35.74250589452699,0.18278121168893538
2025-12-11 02:18:04.251800,24.944259081486955,0.20471404540015783
2025-12-11 02:19:04.251800,23.63763381876872,0.18403870443822057
2025-12-11 02:20:04.251800,33.02529064153855,0.1607883106794512
2025-12-11 02:21:04.251800,31.41385130760341,0.17332420466908358
2025-12-11 02:22:04.251800,30.965125833809335,0.11253169846806035
2025-12-11 02:23:04.251800,30.793836922802143,0.1120156021564673
2025-12-11 02:24:04.251800,25.975746763044516,0.18134966928682658
2025-12-11 02:25:04.251800,37.22213534240413,0.1531161548990149
2025-12-11 02:26:04.251800,29.152903344571598,0.18912537589804268
2025-12-11 02:27:04.251800,34.999905303491055,0.16432654025524318
2025-12-11 02:28:04.251800,25.806434131640646,0.178283951690005
2025-12-11 02:29:04.251800,32.860489831013375,0.15240221005578125
2025-12-11 02:30:04.251800,30.23425707718323,0.14819843203547758
2025-12-11 02:31:04.251800,34.66888282926745,0.09848426041697364
2025-12-11 02:32:04.251800,25.4435741741483,0.208644602320462
2025-12-11 02:33:04.251800,36.20365561085128,0.14498480609209727
2025-12-11 02:34:04.251800,29.75322425443469,0.16248526723557374
2025-12-11 02:35:04.251800,32.445520585884836,0.1255575656484745
2025-12-11 02:36:04.251800,23.070016675668462,0.1652786899744824
2025-12-11 02:37:04.251800,29.642508939762827,0.23112625947523463
2025-12-11 02:38:04.251800,27.151768892293216,0.12651437397664192
2025-12-11 02:39:04.251800,27.951898584356623,0.1634373344551101
2025-12-11 02:40:04.251800,34.74160789001327,0.16371762119813915
2025-12-11 02:41:04.251800,30.52274606340889,0.11397892193193963
2025-12-11 02:42:04.251800,32.69457323663497,0.1876193640026359
2025-12-11 02:43:04.251800,27.31085432840319,0.16872817652099864
2025-12-11 02:44:04.251800,32.359978609929335,0.13865618641649421
2025-12-11 02:45:04.251800,31.85406609898323,0.16043527304874658
2025-12-11 02:46:04.251800,37.09799436210223,0.16581102098735695
2025-12-11 02:47:04.251800,26.73396630058321,0.11541999930404594
2025-12-11 02:48:04.251800,21.90626199095548,0.1252426664057255
2025-12-11 02:49:04.251800,27.730291234450593,0.20484671016888878
2025-12-11 02:50:04.251800,42.78395024966753,0.14251870778211262
2025-12-11 02:51:04.251800,27.650615828644813,0.1192943616132071
2025-12-11 02:52:04.251800,23.38973223172775,0.12941360848709488
2025-12-11 02:53:04.251800,30.93112215964965,0.1599981011445973
2025-12-11 02:54:04.251800,26.40114771601949,0.09381476837758558
2025-12-11 02:55:04.251800,22.323275128876038,0.1583323705023672
2025-12-11 02:56:04.251800,39.5733791935385,0.170791906577835
2025-12-11 02:57:04.251800,23.68476633652257,0.15203374289378943
2025-12-11 02:58:04.251800,25.711053749667172,0.17586713500291887
2025-12-11 02:59:04.251800,24.038359913747414,0.18450307648690317
2025-12-11 03:00:04.251800,26.339275107102576,0.1576030471544425
2025-12-11 03:01:04.251800,35.844449252147314,0.19267808290914648
2025-12-11 03:02:04.251800,35.423417647483014,0.1653768802524086
2025-12-11 03:03:04.251800,32.824150807654306,0.17782909593460233
2025-12-11 03:04:04.251800,29.30558135025002,0.13604130128911376
2025-12-11 03:05:04.251800,37.18369051747746,0.11065983206234703
2025-12-11 03:06:04.251800,33.61672415348798,0.13905660144468185
2025-12-11 03:07:04.251800,29.51847586028719,0.13100315888279
2025-12-11 03:08:04.251800,41.61447480287947,0.08321854826057484
2025-12-11 03:09:04.251800,29.878527718699758,0.12880640520733938
2025-12-11 03:10:04.251800,29.758711566734686,0.16037914307586162
2025-12-11 03:11:04.251800,32.36398580529519,0.10621144841002425
2025-12-11 03:12:04.251800,30.013163133085087,0.124182091169135
2025-12-11 03:13:04.251800,37.41463452000118,0.1540035136242982
2025-12-11 03:14:04.251800,24.423247097025694,0.15291136836730465
2025-12-11 03:15:04.251800,29.790427460380833,0.17127933113937482
2025-12-11 03:16:04.251800,29.080755057718946,0.18903676514156417
2025-12-11 03:17:04.251800,22.450058453088037,0.1250781541302916
2025-12-11 03:18:04.251800,32.25495210165554,0.11392843789873522
2025-12-11 03:19:04.251800,35.97107045128475,0.17332163406862497
2025-12-11 03:20:04.251800,27.931858923071875,0.18928914800408234
2025-12-11 03:21:04.251800,33.492587268443245,0.1478546861689838
2025-12-11 03:22:04.251800,26.22143862303694,0.1570632766846561
2025-12-11 03:23:04.251800,29.952177671925735,0.18812629072258483
2025-12-11 03:24:04.251800,25.652807961725866,0.08198901739883484
2025-12-11 03:25:04.251800,27.818773977096733,0.16867503763508054
2025-12-11 03:26:04.251800,37.175054137508965,0.17002384002419368
2025-12-11 03:27:04.251800,22.664589380128273,0.14680404360187352
2025-12-11 03:28:04.251800,38.057464500930074,0.11408862856595386
2025-12-11 03:29:04.251800,24.990264429749104,0.15813027115805187
2025-12-11 03:30:04.251800,20.993046553384467,0.13828697596845752
2025-12-11 03:31:04.251800,36.77519008032155,0.13278592210052678
2025-12-11 03:32:04.251800,24.818760895584422,0.16642554492457742
2025-12-11 03:33:04.251800,36.090702093375285,0.19278407448125837
2025-12-11 03:34:04.251800,20.235738714442057,0.13886114819221457
2025-12-11 03:35:04.251800,20.06159103061236,0.16832002070636523
2025-12-11 03:36:04.251800,32.077160144650904,0.13706447047745546
2025-12-11 03:37:04.251800,20.601453336866335,0.10793088956442339
2025-12-11 03:38:04.251800,34.317682584839844,0.160600669231572
2025-12-11 03:39:04.251800,35.49435472785653,0.18425018345327832
2025-12-11 03:40:04.251800,36.04527082151569,0.11568151834588299
2025-12-11 03:41:04.251800,29.582224022705578,0.159694801049717
2025-12-11 03:42:04.251800,31.98673553641007,0.22390391313065108
2025-12-11 03:43:04.251800,22.96436470825375,0.1810701882219856
2025-12-11 03:44:04.251800,35.152881396113294,0.1966080868032587
2025-12-11 03:45:04.251800,32.140610001719764,0.14005119309001043
2025-12-11 03:46:04.251800,20.845392411928064,0.11400984122217604
2025-12-11 03:47:04.251800,23.61061463473419,0.1281015007920437
2025-12-11 03:48:04.251800,30.253859612372302,0.131332783060227
2025-12-11 03:49:04.251800,31.39007832193392,0.1270093523907427
2025-12-11 03:50:04.251800,24.544147981097346,0.13160130780608256
2025-12-11 03:51:04.251800,35.82078481348601,0.15315055684106765
2025-12-11 03:52:04.251800,28.443529731148523,0.15235854924099093
2025-12-11 03:53:04.251800,35.76454468426264,0.13272856071620368
2025-12-11 03:54:04.251800,36.198677090626894,0.10780767285264414
2025-12-11 03:55:04.251800,34.55447327494091,0.15919445087603737
2025-12-11 03:56:04.251800,33.87387154243298,0.15262764080541863
2025-12-11 03:57:04.251800,34.40949823527374,0.1542459418782688
2025-12-11 03:58:04.251800,26.983229675576467,0.1874657403987693
2025-12-11 03:59:04.251800,28.180193968497463,0.14536402036994353
2025-12-11 04:00:04.251800,33.84071735317827,0.14141210541417054
2025-12-11 04:01:04.251800,29.16199690357154,0.14710324157165683
2025-12-11 04:02:04.251800,28.22280835335396,0.09696218912756197
2025-12-11 04:03:04.251800,36.650295229565806,0.16565386794885084
2025-12-11 04:04:04.251800,21.099155421910506,0.152308952034677
2025-12-11 04:05:04.251800,22.371460721221027,0.14891628783685126
2025-12-11 04:06:04.251800,19.427187881163796,0.07952867623056814
2025-12-11 04:07:04.251800,34.27145317069395,0.17341248428168476
2025-12-11 04:08:04.251800,30.353570312099674,0.1332804998514064
2025-12-11 04:09:04.251800,29.91948822011693,0.22469041822274066
2025-12-11 04:10:04.251800,24.42946567811294,0.24074893266523573
2025-12-11 04:11:04.251800,33.37519705987162,0.1684541698513697
2025-12-11 04:12:04.251800,29.861767080357527,0.1614092084589366
2025-12-11 04:13:04.251800,32.95641248592202,0.163292951409564
2025-12-11 04:14:04.251800,34.57858785820149,0.1917052353480198
2025-12-11 04:15:04.251800,38.34371533899892,0.10930565180299145
2025-12-11 04:16:04.251800,29.5414257334295,0.1799749315039107
2025-12-11 04:17:04.251800,22.252657977405583,0.1483812628084447
2025-12-11 04:18:04.251800,32.597274149520125,0.11345663148725789
2025-12-11 04:19:04.251800,32.951551450660624,0.1489900896503967
2025-12-11 04:20:04.251800,22.350136938136522,0.11185026748390066
2025-12-11 04:21:04.251800,34.71982917285164,0.1560748113923668
2025-12-11 04:22:04.251800,27.60885749337728,0.10519570838015123
2025-12-11 04:23:04.251800,34.12076047924597,0.1589866048775714
2025-12-11 04:24:04.251800,34.93971643204807,0.15488895047212095
2025-12-11 04:25:04.251800,33.367524218126526,0.1476053438302284
2025-12-11 04:26:04.251800,33.91327700906995,0.09970828124008208
2025-12-11 04:27:04.251800,18.785303247385126,0.1722086788380723
2025-12-11 04:28:04.251800,36.13320376554516,0.17138404260317738
2025-12-11 04:29:04.251800,25.487779847336043,0.1414439145626413
2025-12-11 04:30:04.251800,31.61113144654812,0.15793690171182384
2025-12-11 04:31:04.251800,24.231409722357448,0.1658932901256259
2025-12-11 04:32:04.251800,25.631993919340815,0.12459706208864109
2025-12-11 04:33:04.251800,30.47012551831684,0.197197922045041
2025-12-11 04:34:04.251800,23.385172143461446,0.16770779820705256
2025-12-11 04:35:04.251800,32.37967906867008,0.11824177284320553
2025-12-11 04:36:04.251800,26.36414522282374,0.1419466575987603
2025-12-11 04:37:04.251800,28.551280162579918,0.1686224967995979
2025-12-11 04:38:04.251800,34.037836556631255,0.09782200091637919
2025-12-11 04:39:04.251800,20.68610516497594,0.16994792273448767
2025-12-11 04:40:04.251800,26.417337367767153,0.11470344407767172
2025-12-11 04:41:04.251800,38.97301463429135,0.1277405922786689
2025-12-11 04:42:04.251800,32.76070220933776,0.16881961274237678
2025-12-11 04:43:04.251800,30.43837420022016,0.17005149893948557
2025-12-11 04:44:04.251800,22.46365320570738,0.20364428776212276
2025-12-11 04:45:04.251800,35.19804684375621,0.1258184158655577
2025-12-11 04:46:04.251800,33.00311648775063,0.18436045837541873
2025-12-11 04:47:04.251800,29.10565646192837,0.16175160979159503
2025-12-11 04:48:04.251800,36.49749762586493,0.16461586504353226
2025-12-11 04:49:04.251800,36.49749638762118,0.1258231810066248
2025-12-11 04:50:04.251800,30.73450544723979,0.1656957059657726
2025-12-11 04:51:04.251800,20.70515367490664,0.13417446171036929
2025-12-11 04:52:04.251800,26.643338243829177,0.1531814549747275
2025-12-11 04:53:04.251800,26.757611660547433,0.16286911567115722
2025-12-11 04:54:04.251800,19.389121074089676,0.1387625706235159
2025-12-11 04:55:04.251800,34.725012912808154,0.13635516037714665
2025-12-11 04:56:04.251800,34.241186328489476,0.13559573592947494
2025-12-11 04:57:04.251800,20.050161490511535,0.21624192331819175
2025-12-11 04:58:04.251800,32.63754883008155,0.17420415002236128
2025-12-11 04:59:04.251800,33.42328957757329,0.1571515690156237
2025-12-11 05:00:04.251800,28.422404701129487,0.1701431204064174
2025-12-11 05:01:04.251800,31.04728444965643,0.1602878009802488
2025-12-11 05:02:04.251800,25.159924080702243,0.20363466692711163
2025-12-11 05:03:04.251800,33.121504532807165,0.13635347928276595
2025-12-11 05:04:04.251800,29.275550247036428,0.12584694811220187
2025-12-11 05:05:04.251800,30.87655895166436,0.126631931837471
2025-12-11 05:06:04.251800,31.005303905654287,0.1353883750707232
2025-12-11 05:07:04.251800,39.176097685238005,0.1295301454886866
2025-12-11 05:08:04.251800,25.612250862436063,0.12232161922282686
2025-12-11 05:09:04.251800,27.999494557494568,0.15740187440082817
2025-12-11 05:10:04.251800,34.308934967677665,0.14904930900435986
2025-12-11 05:11:04.251800,30.467965726032382,0.17679667295090062
2025-12-11 05:12:04.251800,25.840319319835963,0.16107926037233408
2025-12-11 05:13:04.251800,26.899957917300938,0.1264727867957679
2025-12-11 05:14:04.251800,29.185533948539558,0.1717574082216092
2025-12-11 05:15:04.251800,27.332043079902004,0.1974780893434474
2025-12-11 05:16:04.251800,29.704135903717688,0.13032169971429464
2025-12-11 05:17:04.251800,25.73929802637682,0.20405131187223616
2025-12-11 05:18:04.251800,29.70634937980995,0.17741009709364183
2025-12-11 05:19:04.251800,31.333305298656143,0.15124616884200964
2025-12-11 05:20:04.251800,27.545229099302194,0.11430120901407549
2025-12-11 05:21:04.251800,26.022593887017294,0.1850659839387646
2025-12-11 05:22:04.251800,23.05528779701629,0.06752999674387138
2025-12-11 05:23:04.251800,25.102880171735336,0.17822471148486468
2025-12-11 05:24:04.251800,38.59146779914775,0.20300818915391203
2025-12-11 05:25:04.251800,38.124537091908365,0.15826738845909624
2025-12-11 05:26:04.251800,25.957051705980312,0.16276520369059833
2025-12-11 05:27:04.251800,33.04259026400834,0.148344553930883
2025-12-11 05:28:04.251800,34.59476489849174,0.13550824670932352
2025-12-11 05:29:04.251800,32.559964128983914,0.15827957123046604
2025-12-11 05:30:04.251800,27.359422719223446,0.133214387050623
2025-12-11 05:31:04.251800,30.966140504666793,0.08186537252143894
2025-12-11 05:32:04.251800,30.203898850152733,0.13647358543098548
2025-12-11 05:33:04.251800,23.21482212553581,0.14553145029481238
2025-12-11 05:34:04.251800,22.134659721823503,0.1148915397815371
2025-12-11 05:35:04.251800,44.76027204999506,0.13974701229249922
2025-12-11 05:36:04.251800,32.22183339336719,0.14236410617691528
2025-12-11 05:37:04.251800,27.385611755325787,0.15227596871228427
2025-12-11 05:38:04.251800,27.29654122523957,0.11191658879703442
2025-12-11 05:39:04.251800,24.696386245617685,0.12059723601500771
2025-12-11 05:40:04.251800,34.88220301286022,0.145399068981359
2025-12-11 05:41:04.251800,31.60343503761328,0.1095377943604938
2025-12-11 05:42:04.251800,32.416379761523054,0.14918440172894704
2025-12-11 05:43:04.251800,27.638926229598887,0.14801013564810597
2025-12-11 05:44:04.251800,30.192076424908073,0.16453302419116123
2025-12-11 05:45:04.251800,33.52957563381399,0.13595271977813508
2025-12-11 05:46:04.251800,26.988625841273016,0.1315943496202581
2025-12-11 05:47:04.251800,34.65767677095313,0.15034650355946375
2025-12-11 05:48:04.251800,24.07540746817608,0.19095486517639432
2025-12-11 05:49:04.251800,35.742986507765494,0.07964814246141051
2025-12-11 05:50:04.251800,33.06309540298108,0.1532744995167508
2025-12-11 05:51:04.251800,26.311604087206625,0.17061217016793367
2025-12-11 05:52:04.251800,36.56025662255122,0.1575373159064487
2025-12-11 05:53:04.251800,30.547655083674975,0.16546692076933675
2025-12-11 05:54:04.251800,30.357714465395812,0.14051437067264372
2025-12-11 05:55:04.251800,21.148247562641206,0.17269226815199698
2025-12-11 05:56:04.251800,24.748625319174142,0.22165121541899507
2025-12-11 05:57:04.251800,26.93065242920625,0.1519014340337437
2025-12-11 05:58:04.251800,32.15908817087591,0.11829404781766265
2025-12-11 05:59:04.251800,32.080895478962375,0.1366139170700239
2025-12-11 06:00:04.251800,144.5298049199977,0.7088752515446464
2025-12-11 06:01:04.251800,165.45406903381712,0.6252970023124577
2025-12-11 06:02:04.251800,133.94067890644095,0.6555164280764212
2025-12-11 06:03:04.251800,122.73270033941759,0.5420509362732804
2025-12-11 06:04:04.251800,137.6465563553955,0.6852538254441773
2025-12-11 06:05:04.251800,157.44213331582108,0.6011049228082112
2025-12-11 06:06:04.251800,154.8531708165523,0.5571095121803237
2025-12-11 06:07:04.251800,165.9008375857656,0.5837482508914433
2025-12-11 06:08:04.251800,152.0953877533466,0.6597690428557712
2025-12-11 06:09:04.251800,131.2431735387032,0.6671522797469481
2025-12-11 06:10:04.251800,157.80594958424237,0.6650247214254718
2025-12-11 06:11:04.251800,136.2214515615012,0.7199698473217071
2025-12-11 06:12:04.251800,149.6019181872497,0.6712234856572966
2025-12-11 06:13:04.251800,169.0870958532695,0.7895681397376593
2025-12-11 06:14:04.251800,133.69389556980744,0.6339411944932467
2025-12-11 06:15:04.251800,151.9848892905869,0.629894111144078
2025-12-11 06:16:04.251800,125.88357261360542,0.670721385045819
2025-12-11 06:17:04.251800,149.67006542672044,0.6608297896474221
2025-12-11 06:18:04.251800,150.77914981912403,0.7282531279562008
2025-12-11 06:19:04.251800,169.3208563923627,0.6508379611100209
2025-12-11 06:20:04.251800,131.44377607359277,0.6962750771736107
2025-12-11 06:21:04.251800,125.15577465373839,0.6768281108501342
2025-12-11 06:22:04.251800,132.80896711602426,0.7009201785252259
2025-12-11 06:23:04.251800,141.85452250526245,0.6018526082285921
2025-12-11 06:24:04.251800,164.7540399067112,0.6728178509805604
2025-12-11 06:25:04.251800,148.23437835500872,0.636559844308707
2025-12-11 06:26:04.251800,165.42260922483894,0.6174580969214594
2025-12-11 06:27:04.251800,166.67545105760593,0.636247824403951
2025-12-11 06:28:04.251800,149.18991165981885,0.7228112591517236
2025-12-11 06:29:04.251800,155.9786327566919,0.6935866109264703
2025-12-11 06:30:04.251800,137.84808701207305,0.6686108293546439
2025-12-11 06:31:04.251800,130.4881402384521,0.6600393408833685
2025-12-11 06:32:04.251800,163.08014501454028,0.6440641211375535
2025-12-11 06:33:04.251800,145.45282567242265,0.61379251803666
2025-12-11 06:34:04.251800,155.13340507853977,0.6643939045865828
2025-12-11 06:35:04.251800,147.46024432322986,0.7553184477576734
2025-12-11 06:36:04.251800,146.05573054816608,0.6803512575890849
2025-12-11 06:37:04.251800,166.1569583206819,0.6235476584272381
2025-12-11 06:38:04.251800,124.1524690805795,0.6588605187024748
2025-12-11 06:39:04.251800,159.22157253364372,0.6778189611839567
2025-12-11 06:40:04.251800,164.5264085581468,0.6274131565505154
2025-12-11 06:41:04.251800,150.82011045243604,0.6288693223410753
2025-12-11 06:42:04.251800,129.26572463403326,0.6451189312663035
2025-12-11 06:43:04.251800,144.56147376311625,0.6787539922503223
2025-12-11 06:44:04.251800,157.1474214014275,0.6234245536214571
2025-12-11 06:45:04.251800,153.4059832770163,0.6610553211537009
2025-12-11 06:46:04.251800,154.50441463887455,0.65192607116418
2025-12-11 06:47:04.251800,159.69952639520807,0.5550443141782876
2025-12-11 06:48:04.251800,143.2373398743571,0.6510383709049637
2025-12-11 06:49:04.251800,174.88000125424685,0.6175877756133747
2025-12-11 06:50:04.251800,137.80153689624956,0.5864498602102848
2025-12-11 06:51:04.251800,145.95504137705484,0.5938400631208623
2025-12-11 06:52:04.251800,149.6976865528601,0.6652823308336041
2025-12-11 06:53:04.251800,181.47849244977164,0.5922871810358735
2025-12-11 06:54:04.251800,160.6933105655453,0.597077471803044
2025-12-11 06:55:04.251800,153.3789130411449,0.621085785100209
2025-12-11 06:56:04.251800,160.29121455792387,0.6347062004861184
2025-12-11 06:57:04.251800,168.01691721813637,0.6328675781134668
2025-12-11 06:58:04.251800,147.11913927052817,0.7142056363240248
2025-12-11 06:59:04.251800,154.2008643867209,0.7497515954447074
2025-12-11 07:00:04.251800,116.1625446447483,0.6662841643393081
2025-12-11 07:01:04.251800,164.88040496649432,0.6222451851521869
2025-12-11 07:02:04.251800,150.41270687411873,0.6568001308814304
2025-12-11 07:03:04.251800,146.018960763856,0.6729139079685685
2025-12-11 07:04:04.251800,125.86042351600796,0.7300314625993141
2025-12-11 07:05:04.251800,148.81646256466615,0.5976420797221854
2025-12-11 07:06:04.251800,140.28006488889508,0.634044738189381
2025-12-11 07:07:04.251800,153.99750546398383,0.7409965877730448
2025-12-11 07:08:04.251800,149.0747663587018,0.6645955609393628
2025-12-11 07:09:04.251800,144.88304364739602,0.6680038342030967
2025-12-11 07:10:04.251800,157.94829643850076,0.731464238107641
2025-12-11 07:11:04.251800,167.922065943464,0.6553055482036616
2025-12-11 07:12:04.251800,156.98305553322456,0.7976272779083484
2025-12-11 07:13:04.251800,166.9018917884907,0.7033137388088246
2025-12-11 07:14:04.251800,131.61697825544732,0.6849025945011358
2025-12-11 07:15:04.251800,157.0173662614324,0.7086522672001789
2025-12-11 07:16:04.251800,131.64256449821355,0.5923248772441538
2025-12-11 07:17:04.251800,155.7717680221077,0.5597955042462819
2025-12-11 07:18:04.251800,169.64400140893136,0.6815367468870337
2025-12-11 07:19:04.251800,137.52500516889998,0.7503534906774195
2025-12-11 07:20:04.251800,117.74877156251134,0.6904295433900272
2025-12-11 07:21:04.251800,144.38661332174254,0.5983344854860879
2025-12-11 07:22:04.251800,152.09378556902792,0.7083980176177336
2025-12-11 07:23:04.251800,144.40502009385125,0.6312781326496428
2025-12-11 07:24:04.251800,156.25150766804055,0.6466035850870016
2025-12-11 07:25:04.251800,150.22357708055853,0.6205125474250296
2025-12-11 07:26:04.251800,133.09777651894686,0.658958617596088
2025-12-11 07:27:04.251800,143.4424178077653,0.5909360272107411
2025-12-11 07:28:04.251800,145.95362142848836,0.5781030684258567
2025-12-11 07:29:04.251800,151.6336092714826,0.7154261732119792
2025-12-11 07:30:04.251800,149.17496607581768,0.6710140431601168
2025-12-11 07:31:04.251800,152.8207146872022,0.643180858415779
2025-12-11 07:32:04.251800,161.62599333539464,0.6722615761301487
2025-12-11 07:33:04.251800,167.2006454052212,0.6642703811261392
2025-12-11 07:34:04.251800,151.09538798410313,0.5658485560384676
2025-12-11 07:35:04.251800,123.77870006642964,0.6831262903032047
2025-12-11 07:36:04.251800,113.58491389013467,0.6753341820298234
2025-12-11 07:37:04.251800,146.29417471272916,0.6216499563219944
2025-12-11 07:38:04.251800,148.43314819229644,0.7088179505074443
2025-12-11 07:39:04.251800,151.52507133785656,0.7923841200444126
2025-12-11 07:40:04.251800,121.98381439891385,0.6395916647129168
2025-12-11 07:41:04.251800,155.50009497627633,0.6453773783679263
2025-12-11 07:42:04.251800,143.09617799636152,0.6289693606568225
2025-12-11 07:43:04.251800,154.26514837082988,0.6283498103429752
2025-12-11 07:44:04.251800,152.70608348822358,0.6197427136513247
2025-12-11 07:45:04.251800,140.51028965974157,0.6226889991809034
2025-12-11 07:46:04.251800,142.0378633064068,0.6178776963112314
2025-12-11 07:47:04.251800,167.90908919371734,0.7258567152731167
2025-12-11 07:48:04.251800,172.55341000806914,0.6749407742609658
2025-12-11 07:49:04.251800,180.52420238822685,0.6479745510130717
2025-12-11 07:50:04.251800,169.26121817038106,0.7624810265568853
2025-12-11 07:51:04.251800,114.54586349942598,0.6918464171087837
2025-12-11 07:52:04.251800,153.44947497109297,0.7043489423280231
2025-12-11 07:53:04.251800,147.04175045467665,0.6903652522636107
2025-12-11 07:54:04.251800,152.58672044010632,0.6203941546075454
2025-12-11 07:55:04.251800,169.12501314831164,0.6740821742241324
2025-12-11 07:56:04.251800,143.83374840600115,0.6681344831092813
2025-12-11 07:57:04.251800,164.97454131781964,0.6563768549976134
2025-12-11 07:58:04.251800,151.3225739357148,0.6052042671264108
2025-12-11 07:59:04.251800,140.02093025662367,0.6757358113538846
2025-12-11 08:00:04.251800,163.3494676202667,0.7258173716646132
2025-12-11 08:01:04.251800,146.114746826003,0.6815365445898979
2025-12-11 08:02:04.251800,160.61404864668356,0.727413247345799
2025-12-11 08:03:04.251800,146.82596545521585,0.6856580343997656
2025-12-11 08:04:04.251800,176.42323116238884,0.6965908579285823
2025-12-11 08:05:04.251800,144.56510139552404,0.5266958883175284
2025-12-11 08:06:04.251800,154.8113489674832,0.6313572858182255
2025-12-11 08:07:04.251800,166.24954850329598,0.6405098271949217
2025-12-11 08:08:04.251800,155.18346793932966,0.6829251473125849
2025-12-11 08:09:04.251800,150.2255548361883,0.6626642935520545
2025-12-11 08:10:04.251800,158.51158718474568,0.750786039546447
2025-12-11 08:11:04.251800,127.61067198003659,0.7008475099246542
2025-12-11 08:12:04.251800,139.6212620143773,0.5838771584958065
2025-12-11 08:13:04.251800,132.31245394897613,0.6530199142280158
2025-12-11 08:14:04.251800,148.7285756128399,0.682251546710433
2025-12-11 08:15:04.251800,124.1307020565361,0.5619283793164608
2025-12-11 08:16:04.251800,120.59813015345485,0.6160914809674494
2025-12-11 08:17:04.251800,153.4323879300629,0.655463157826139
2025-12-11 08:18:04.251800,143.83422284284202,0.652035967027366
2025-12-11 08:19:04.251800,146.22614511314038,0.7064638449564924
2025-12-11 08:20:04.251800,148.35402398647477,0.6843428703642426
2025-12-11 08:21:04.251800,192.78554774412112,0.6355274060847562
2025-12-11 08:22:04.251800,151.23453565974384,0.6708443306426279
2025-12-11 08:23:04.251800,131.2451540122914,0.7084335904899732
2025-12-11 08:24:04.251800,161.33646473732156,0.6906678865728266
2025-12-11 08:25:04.251800,132.03274469373886,0.7018139736605741
2025-12-11 08:26:04.251800,166.60896567148598,0.726622133164664
2025-12-11 08:27:04.251800,134.00725921371082,0.6394341510706796
2025-12-11 08:28:04.251800,151.70747553304716,0.6496385429084147
2025-12-11 08:29:04.251800,132.8361417046592,0.6104418376701232
2025-12-11 08:30:04.251800,141.02199189700508,0.5729964536229546
2025-12-11 08:31:04.251800,150.43568686045117,0.6808633552414235
2025-12-11 08:32:04.251800,144.73936844520546,0.5991880769221414
2025-12-11 08:33:04.251800,155.3382207094101,0.6990332311403966
2025-12-11 08:34:04.251800,157.0056567296497,0.7197320926327445
2025-12-11 08:35:04.251800,172.78647974012702,0.7046813966214049
2025-12-11 08:36:04.251800,163.81388550360663,0.6202084326019918
2025-12-11 08:37:04.251800,128.2733098547287,0.6226079697399868
2025-12-11 08:38:04.251800,138.4601622557441,0.6728446243090304
2025-12-11 08:39:04.251800,142.20929447748412,0.6666034058226867
2025-12-11 08:40:04.251800,150.18329061260738,0.6690401959265436
2025-12-11 08:41:04.251800,151.9642427376296,0.616814267399571
2025-12-11 08:42:04.251800,171.56445025346102,0.6142554657466992
2025-12-11 08:43:04.251800,158.63387955108902,0.6837202997415951
2025-12-11 08:44:04.251800,137.8683701120125,0.6417842223854335
2025-12-11 08:45:04.251800,139.9066079937192,0.6584890277585241
2025-12-11 08:46:04.251800,114.62763300209284,0.6576326272010748
2025-12-11 08:47:04.251800,175.7173034247294,0.6400922908965108
2025-12-11 08:48:04.251800,159.2238563224539,0.6001689886869579
2025-12-11 08:49:04.251800,148.0050211311575,0.6149965912022983
2025-12-11 08:50:04.251800,166.5689688942438,0.6779916641907437
2025-12-11 08:51:04.251800,154.29359617757856,0.6369153797194683
2025-12-11 08:52:04.251800,122.93361088309481,0.6921262947028088
2025-12-11 08:53:04.251800,137.84936948850574,0.6961360653486123
2025-12-11 08:54:04.251800,143.34243591108833,0.5885799242066428
2025-12-11 08:55:04.251800,156.8675877174204,0.7037041338258816
2025-12-11 08:56:04.251800,126.0514252030698,0.6227777796207572
2025-12-11 08:57:04.251800,145.12339341737922,0.6294989823204742
2025-12-11 08:58:04.251800,160.2016672179874,0.735729306251652
2025-12-11 08:59:04.251800,153.1908406530099,0.692101650720677
2025-12-11 09:00:04.251800,123.2666011563923,0.6094775193634491
2025-12-11 09:01:04.251800,166.83984197380994,0.632864091084413
2025-12-11 09:02:04.251800,151.60244732259258,0.7605495723410278
2025-12-11 09:03:04.251800,173.12455347394618,0.5523248305774943
2025-12-11 09:04:04.251800,149.67590262903138,0.5790313363626604
2025-12-11 09:05:04.251800,161.8106751168284,0.6111799371944635
2025-12-11 09:06:04.251800,149.50652048025026,0.6894015072985428
2025-12-11 09:07:04.251800,175.8461392063255,0.7464173633232648
2025-12-11 09:08:04.251800,132.56486595320044,0.6666130475151791
2025-12-11 09:09:04.251800,161.1532966331125,0.6621480414393601
2025-12-11 09:10:04.251800,161.7651012325835,0.5781250834067816
2025-12-11 09:11:04.251800,140.06018698640372,0.6405585687760939
2025-12-11 09:12:04.251800,146.38292002910475,0.625088153001129
2025-12-11 09:13:04.251800,156.8692049727396,0.6284766642037393
2025-12-11 09:14:04.251800,157.41626061320645,0.6541827876100001
2025-12-11 09:15:04.251800,136.64047779744158,0.6798237281193149
2025-12-11 09:16:04.251800,144.9356416013063,0.5836053870028588
2025-12-11 09:17:04.251800,180.13193229614333,0.6627044032218798
2025-12-11 09:18:04.251800,168.7092059833439,0.6745583812140897
2025-12-11 09:19:04.251800,146.12012665475672,0.6862063812807861
2025-12-11 09:20:04.251800,167.0815506753637,0.6841492223671802
2025-12-11 09:21:04.251800,117.28406173228149,0.7118359988963416
2025-12-11 09:22:04.251800,137.22848612915837,0.6648976451797174
2025-12-11 09:23:04.251800,150.36519005977846,0.6412174686276201
2025-12-11 09:24:04.251800,159.42725875224556,0.6442381916729425
2025-12-11 09:25:04.251800,166.76930277346543,0.6390250510279828
2025-12-11 09:26:04.251800,183.77797466898733,0.6301060567384088
2025-12-11 09:27:04.251800,173.23082581957763,0.6372020593826185
2025-12-11 09:28:04.251800,151.35703280185726,0.7122317638449079
2025-12-11 09:29:04.251800,157.44999258350174,0.6340659099321853
2025-12-11 09:30:04.251800,139.8990826643644,0.5784443999178478
2025-12-11 09:31:04.251800,163.90658797547206,0.7372671168878734
2025-12-11 09:32:04.251800,154.784293270195,0.6165637723022056
2025-12-11 09:33:04.251800,121.93408601830657,0.6569951985797149
2025-12-11 09:34:04.251800,167.84568594233693,0.633945718108599
2025-12-11 09:35:04.251800,161.78956192501818,0.6629278788006995
2025-12-11 09:36:04.251800,129.9997693644168,0.6535695171935844
2025-12-11 09:37:04.251800,137.3319374794616,0.5872415474223582
2025-12-11 09:38:04.251800,168.79012053030397,0.581023657867067
2025-12-11 09:39:04.251800,172.78550568264174,0.6303905422658055
2025-12-11 09:40:04.251800,165.84482115570916,0.544182207355056
2025-12-11 09:41:04.251800,145.72697700709804,0.6523517044929015
2025-12-11 09:42:04.251800,139.37371856698115,0.6468596525304071
2025-12-11 09:43:04.251800,156.83887086186428,0.619862487335338
2025-12-11 09:44:04.251800,133.59205271710186,0.6531350698417582
2025-12-11 09:45:04.251800,136.22517877182008,0.7236904290355488
2025-12-11 09:46:04.251800,197.6244762168561,0.6663791895069975
2025-12-11 09:47:04.251800,152.9838461858607,0.6837128085290856
2025-12-11 09:48:04.251800,136.51080889638678,0.645832598881004
2025-12-11 09:49:04.251800,154.08298546958446,0.6840313537294016
2025-12-11 09:50:04.251800,132.32321937044117,0.6385428202375552
2025-12-11 09:51:04.251800,146.21843293008016,0.5510182880300004
2025-12-11 09:52:04.251800,127.10939236146048,0.6803919921423152
2025-12-11 09:53:04.251800,149.84743577761142,0.6259001204251547
2025-12-11 09:54:04.251800,126.49204766021295,0.6046557678845962
2025-12-11 09:55:04.251800,145.1558768281066,0.7335940726472681
2025-12-11 09:56:04.251800,156.1641266940897,0.6544559453548958
2025-12-11 09:57:04.251800,151.70591409462222,0.6762446728690343
2025-12-11 09:58:04.251800,159.92205372388338,0.5901369847890457
2025-12-11 09:59:04.251800,162.7679505831743,0.6704298872524082
2025-12-11 10:00:04.251800,83.56477541966191,0.32376234280398347
2025-12-11 10:01:04.251800,89.34648787173533,0.4124208673092166
2025-12-11 10:02:04.251800,79.41208829306322,0.37765919887935345
2025-12-11 10:03:04.251800,74.25515115668676,0.4089714850714768
2025-12-11 10:04:04.251800,76.2042831103341,0.3581107896992452
2025-12-11 10:05:04.251800,77.17029480687268,0.18388588630356656
2025-12-11 10:06:04.251800,88.13912609840607,0.34081669310731944
2025-12-11 10:07:04.251800,86.28332752069659,0.32227884339336155
2025-12-11 10:08:04.251800,82.24237079633797,0.4016232090863111
2025-12-11 10:09:04.251800,79.60912265061778,0.3457496084336454
2025-12-11 10:10:04.251800,78.74455981404917,0.36662133611683106
2025-12-11 10:11:04.251800,83.21976517621225,0.2855937745274073
